sample_id,seed,min_average_battery_percentage,mean_average_battery_percentage,min_power_demand,mean_power_demand,max_power_demand,min_VTG_capacity,mean_VTG_capacity,max_VTG_capacity,min_mean_charging,mean_mean_charging,max_mean_charging
0,86578097163493939736796028679458741811,97.95496476490128,99.51239819555724,60.18580830411675,40205.53660253426,1739370.496699406,5.973315154836568,4038.7817538347554,122251.20624988955,4.597701149425287e-05,0.023629334345735258,1.0
1,86578097163493939736796028679458741811,97.95496476490128,99.51239819555724,60.18580830411675,40205.53660253426,1739370.496699406,5.973315154836568,4038.7817538347554,122251.20624988955,4.597701149425287e-05,0.023629334345735258,1.0
2,86578097163493939736796028679458741811,97.95496476490128,99.51239819555724,60.18580830411675,40205.53660253426,1739370.496699406,5.973315154836568,4038.7817538347554,122251.20624988955,4.597701149425287e-05,0.023629334345735258,1.0
3,86578097163493939736796028679458741811,97.95496476490128,99.51239819555724,60.18580830411675,40205.53660253426,1739370.496699406,5.973315154836568,4038.7817538347554,122251.20624988955,4.597701149425287e-05,0.023629334345735258,1.0
4,86578097163493939736796028679458741811,96.53239926178651,98.70829882061491,73.38155598159823,38547.96480338337,1564536.8170392064,5.973315154836568,6021.08626172859,176581.3585370821,5.747126436781609e-05,0.022697169638415414,0.8993850574712644
5,86578097163493939736796028679458741811,96.53239926178651,98.70829882061491,73.38155598159823,38547.96480338337,1564536.8170392064,5.973315154836568,6021.08626172859,176581.3585370821,5.747126436781609e-05,0.022697169638415414,0.8993850574712644
6,86578097163493939736796028679458741811,96.53239926178651,98.70829882061491,73.38155598159823,38547.96480338337,1564536.8170392064,5.973315154836568,6021.08626172859,176581.3585370821,5.747126436781609e-05,0.022697169638415414,0.8993850574712644
7,86578097163493939736796028679458741811,96.53239926178651,98.70829882061491,73.38155598159823,38547.96480338337,1564536.8170392064,5.973315154836568,6021.08626172859,176581.3585370821,5.747126436781609e-05,0.022697169638415414,0.8993850574712644
8,86578097163493939736796028679458741811,95.10316253977679,97.89239377887893,56.45436086113169,36894.15787058157,1391206.2506039506,5.973315154836568,7979.997109402428,348749.87991390214,4.597701149425287e-05,0.021764267448659877,0.7992528735632184
9,86578097163493939736796028679458741811,95.10316253977679,97.89239377887893,56.45436086113169,36894.15787058157,1391206.2506039506,5.973315154836568,7979.997109402428,348749.87991390214,4.597701149425287e-05,0.021764267448659877,0.7992528735632184
10,86578097163493939736796028679458741811,95.10316253977679,97.89239377887893,56.45436086113169,36894.15787058157,1391206.2506039506,5.973315154836568,7979.997109402428,348749.87991390214,4.597701149425287e-05,0.021764267448659877,0.7992528735632184
11,86578097163493939736796028679458741811,95.10316253977679,97.89239377887893,56.45436086113169,36894.15787058157,1391206.2506039506,5.973315154836568,7979.997109402428,348749.87991390214,4.597701149425287e-05,0.021764267448659877,0.7992528735632184
12,86578097163493939736796028679458741811,93.66537784918782,97.08823544691894,63.560481071221346,35263.574839034576,1219204.442310417,5.973315154836568,9929.384238223087,520413.07860506,4.597701149425287e-05,0.02084694402988331,0.7002011494252873
13,86578097163493939736796028679458741811,93.66537784918782,97.08823544691894,63.560481071221346,35263.574839034576,1219204.442310417,5.973315154836568,9929.384238223087,520413.07860506,4.597701149425287e-05,0.02084694402988331,0.7002011494252873
14,86578097163493939736796028679458741811,93.66537784918782,97.08823544691894,63.560481071221346,35263.574839034576,1219204.442310417,5.973315154836568,9929.384238223087,520413.07860506,4.597701149425287e-05,0.02084694402988331,0.7002011494252873
15,86578097163493939736796028679458741811,93.66537784918782,97.08823544691894,63.560481071221346,35263.574839034576,1219204.442310417,5.973315154836568,9929.384238223087,520413.07860506,4.597701149425287e-05,0.02084694402988331,0.7002011494252873
16,86578097163493939736796028679458741811,92.152735010713,96.28050014408257,103.25689130403518,33588.47516936563,1042670.3839368871,5.973315154836568,11929.508035684437,696828.4331041792,8.045977011494253e-05,0.01991522006650433,0.5993333333333334
17,86578097163493939736796028679458741811,92.152735010713,96.28050014408257,103.25689130403518,33588.47516936563,1042670.3839368871,5.973315154836568,11929.508035684437,696828.4331041792,8.045977011494253e-05,0.01991522006650433,0.5993333333333334
18,86578097163493939736796028679458741811,92.152735010713,96.28050014408257,103.25689130403518,33588.47516936563,1042670.3839368871,5.973315154836568,11929.508035684437,696828.4331041792,8.045977011494253e-05,0.01991522006650433,0.5993333333333334
19,86578097163493939736796028679458741811,92.152735010713,96.28050014408257,103.25689130403518,33588.47516936563,1042670.3839368871,5.973315154836568,11929.508035684437,696828.4331041792,8.045977011494253e-05,0.01991522006650433,0.5993333333333334
20,86578097163493939736796028679458741811,90.6432863849673,95.47827369577908,77.63238052267282,31927.446116478222,870462.1079436524,5.973315154836568,13885.996856112615,870329.124017449,5.172413793103448e-05,0.01898124001780431,0.5005689655172414
21,86578097163493939736796028679458741811,90.6432863849673,95.47827369577908,77.63238052267282,31927.446116478222,870462.1079436524,5.973315154836568,13885.996856112615,870329.124017449,5.172413793103448e-05,0.01898124001780431,0.5005689655172414
22,86578097163493939736796028679458741811,90.6432863849673,95.47827369577908,77.63238052267282,31927.446116478222,870462.1079436524,5.973315154836568,13885.996856112615,870329.124017449,5.172413793103448e-05,0.01898124001780431,0.5005689655172414
23,86578097163493939736796028679458741811,90.6432863849673,95.47827369577908,77.63238052267282,31927.446116478222,870462.1079436524,5.973315154836568,13885.996856112615,870329.124017449,5.172413793103448e-05,0.01898124001780431,0.5005689655172414
24,86578097163493939736796028679458741811,89.06068248698304,94.67752377057535,106.00304844621525,30293.518457108337,1043691.6473709276,13.236770216225201,15871.395907870157,1043569.2686288448,6.896551724137931e-05,0.018064793723108076,0.6001091954022989
25,86578097163493939736796028679458741811,89.06068248698304,94.67752377057535,106.00304844621525,30293.518457108337,1043691.6473709276,13.236770216225201,15871.395907870157,1043569.2686288448,6.896551724137931e-05,0.018064793723108076,0.6001091954022989
26,86578097163493939736796028679458741811,89.06068248698304,94.67752377057535,106.00304844621525,30293.518457108337,1043691.6473709276,13.236770216225201,15871.395907870157,1043569.2686288448,6.896551724137931e-05,0.018064793723108076,0.6001091954022989
27,86578097163493939736796028679458741811,89.06068248698304,94.67752377057535,106.00304844621525,30293.518457108337,1043691.6473709276,13.236770216225201,15871.395907870157,1043569.2686288448,6.896551724137931e-05,0.018064793723108076,0.6001091954022989
28,86578097163493939736796028679458741811,87.40473306491533,93.870777123495,89.43321798588023,28619.34577693768,1217935.7505720614,7.314445606622129,17839.411410703542,1217843.9072659973,5.747126436781609e-05,0.01712270136761536,0.7005747126436782
29,86578097163493939736796028679458741811,87.40473306491533,93.870777123495,89.43321798588023,28619.34577693768,1217935.7505720614,7.314445606622129,17839.411410703542,1217843.9072659973,5.747126436781609e-05,0.01712270136761536,0.7005747126436782
30,86578097163493939736796028679458741811,87.40473306491533,93.870777123495,89.43321798588023,28619.34577693768,1217935.7505720614,7.314445606622129,17839.411410703542,1217843.9072659973,5.747126436781609e-05,0.01712270136761536,0.7005747126436782
31,86578097163493939736796028679458741811,87.40473306491533,93.870777123495,89.43321798588023,28619.34577693768,1217935.7505720614,7.314445606622129,17839.411410703542,1217843.9072659973,5.747126436781609e-05,0.01712270136761536,0.7005747126436782
32,86578097163493939736796028679458741811,85.7398720188028,93.05824898302453,100.84482437505157,26974.526521483487,1392051.8442663106,5.286185312777746,19822.919482170146,1392005.382208735,6.896551724137931e-05,0.01620245856570576,0.8004712643678161
33,86578097163493939736796028679458741811,85.7398720188028,93.05824898302453,100.84482437505157,26974.526521483487,1392051.8442663106,5.286185312777746,19822.919482170146,1392005.382208735,6.896551724137931e-05,0.01620245856570576,0.8004712643678161
34,86578097163493939736796028679458741811,85.7398720188028,93.05824898302453,100.84482437505157,26974.526521483487,1392051.8442663106,5.286185312777746,19822.919482170146,1392005.382208735,6.896551724137931e-05,0.01620245856570576,0.8004712643678161
35,86578097163493939736796028679458741811,85.7398720188028,93.05824898302453,100.84482437505157,26974.526521483487,1392051.8442663106,5.286185312777746,19822.919482170146,1392005.382208735,6.896551724137931e-05,0.01620245856570576,0.8004712643678161
36,86578097163493939736796028679458741811,84.07385494576654,92.25488906313137,69.1962891427138,25321.081782214726,1565755.2832006565,5.286185312777746,21790.54133890941,1565711.2419242794,4.597701149425287e-05,0.01527734139763831,0.8999942528735633
37,86578097163493939736796028679458741811,84.07385494576654,92.25488906313137,69.1962891427138,25321.081782214726,1565755.2832006565,5.286185312777746,21790.54133890941,1565711.2419242794,4.597701149425287e-05,0.01527734139763831,0.8999942528735633
38,86578097163493939736796028679458741811,84.07385494576654,92.25488906313137,69.1962891427138,25321.081782214726,1565755.2832006565,5.286185312777746,21790.54133890941,1565711.2419242794,4.597701149425287e-05,0.01527734139763831,0.8999942528735633
39,86578097163493939736796028679458741811,84.07385494576654,92.25488906313137,69.1962891427138,25321.081782214726,1565755.2832006565,5.286185312777746,21790.54133890941,1565711.2419242794,4.597701149425287e-05,0.01527734139763831,0.8999942528735633
40,86578097163493939736796028679458741811,82.39377803868882,91.44613034606364,5.015523303294811,30783.61819828221,1738606.2902077145,5.015523303294811,31593.538094040698,1738606.2902077145,5.747126436781609e-06,0.01865982457931942,0.999551724137931
41,86578097163493939736796028679458741811,82.39377803868882,91.44613034606364,5.015523303294811,30783.61819828221,1738606.2902077145,5.015523303294811,31593.538094040698,1738606.2902077145,5.747126436781609e-06,0.01865982457931942,0.999551724137931
42,86578097163493939736796028679458741811,82.39377803868882,91.44613034606364,5.015523303294811,30783.61819828221,1738606.2902077145,5.015523303294811,31593.538094040698,1738606.2902077145,5.747126436781609e-06,0.01865982457931942,0.999551724137931
43,86578097163493939736796028679458741811,82.39377803868882,91.44613034606364,5.015523303294811,30783.61819828221,1738606.2902077145,5.015523303294811,31593.538094040698,1738606.2902077145,5.747126436781609e-06,0.01865982457931942,0.999551724137931
44,86578097163493939736796028679458741811,97.95496476490128,99.51239819555724,60.18580830411675,40205.53660253426,1739370.496699406,581.1671581899816,479220.0936098515,556589.8308225288,4.597701149425287e-05,0.023629334345735258,1.0
45,86578097163493939736796028679458741811,97.95496476490128,99.51239819555724,60.18580830411675,40205.53660253426,1739370.496699406,581.1671581899816,479220.0936098515,556589.8308225288,4.597701149425287e-05,0.023629334345735258,1.0
46,86578097163493939736796028679458741811,97.95496476490128,99.51239819555724,60.18580830411675,40205.53660253426,1739370.496699406,581.1671581899816,479220.0936098515,556589.8308225288,4.597701149425287e-05,0.023629334345735258,1.0
47,86578097163493939736796028679458741811,97.95496476490128,99.51239819555724,60.18580830411675,40205.53660253426,1739370.496699406,581.1671581899816,479220.0936098515,556589.8308225288,4.597701149425287e-05,0.023629334345735258,1.0
48,86578097163493939736796028679458741811,96.53239926178651,98.70829882061491,73.38155598159823,38547.96480338337,1564536.8170392064,574.5880535477211,455097.65003599616,756310.6422918488,5.747126436781609e-05,0.022697169638415414,0.8993850574712644
49,86578097163493939736796028679458741811,96.53239926178651,98.70829882061491,73.38155598159823,38547.96480338337,1564536.8170392064,574.5880535477211,455097.65003599616,756310.6422918488,5.747126436781609e-05,0.022697169638415414,0.8993850574712644
50,86578097163493939736796028679458741811,96.53239926178651,98.70829882061491,73.38155598159823,38547.96480338337,1564536.8170392064,574.5880535477211,455097.65003599616,756310.6422918488,5.747126436781609e-05,0.022697169638415414,0.8993850574712644
51,86578097163493939736796028679458741811,96.53239926178651,98.70829882061491,73.38155598159823,38547.96480338337,1564536.8170392064,574.5880535477211,455097.65003599616,756310.6422918488,5.747126436781609e-05,0.022697169638415414,0.8993850574712644
52,86578097163493939736796028679458741811,95.10316253977679,97.89239377887893,56.45436086113169,36894.15787058157,1391206.2506039506,569.6460710426253,431114.9053982241,954385.4074145049,4.597701149425287e-05,0.021764267448659877,0.7992528735632184
53,86578097163493939736796028679458741811,95.10316253977679,97.89239377887893,56.45436086113169,36894.15787058157,1391206.2506039506,569.6460710426253,431114.9053982241,954385.4074145049,4.597701149425287e-05,0.021764267448659877,0.7992528735632184
54,86578097163493939736796028679458741811,95.10316253977679,97.89239377887893,56.45436086113169,36894.15787058157,1391206.2506039506,569.6460710426253,431114.9053982241,954385.4074145049,4.597701149425287e-05,0.021764267448659877,0.7992528735632184
55,86578097163493939736796028679458741811,95.10316253977679,97.89239377887893,56.45436086113169,36894.15787058157,1391206.2506039506,569.6460710426253,431114.9053982241,954385.4074145049,4.597701149425287e-05,0.021764267448659877,0.7992528735632184
56,86578097163493939736796028679458741811,93.66537784918782,97.08823544691894,63.560481071221346,35263.574839034576,1219204.442310417,561.9112650397287,407439.21192821045,1151158.74056167,4.597701149425287e-05,0.02084694402988331,0.7002011494252873
57,86578097163493939736796028679458741811,93.66537784918782,97.08823544691894,63.560481071221346,35263.574839034576,1219204.442310417,561.9112650397287,407439.21192821045,1151158.74056167,4.597701149425287e-05,0.02084694402988331,0.7002011494252873
58,86578097163493939736796028679458741811,93.66537784918782,97.08823544691894,63.560481071221346,35263.574839034576,1219204.442310417,561.9112650397287,407439.21192821045,1151158.74056167,4.597701149425287e-05,0.02084694402988331,0.7002011494252873
59,86578097163493939736796028679458741811,93.66537784918782,97.08823544691894,63.560481071221346,35263.574839034576,1219204.442310417,561.9112650397287,407439.21192821045,1151158.74056167,4.597701149425287e-05,0.02084694402988331,0.7002011494252873
60,86578097163493939736796028679458741811,92.152735010713,96.28050014408257,103.25689130403518,33588.47516936563,1042670.3839368871,554.6250764513787,383494.84072580695,1353134.5111087628,8.045977011494253e-05,0.01991522006650433,0.5993333333333334
61,86578097163493939736796028679458741811,92.152735010713,96.28050014408257,103.25689130403518,33588.47516936563,1042670.3839368871,554.6250764513787,383494.84072580695,1353134.5111087628,8.045977011494253e-05,0.01991522006650433,0.5993333333333334
62,86578097163493939736796028679458741811,92.152735010713,96.28050014408257,103.25689130403518,33588.47516936563,1042670.3839368871,554.6250764513787,383494.84072580695,1353134.5111087628,8.045977011494253e-05,0.01991522006650433,0.5993333333333334
63,86578097163493939736796028679458741811,92.152735010713,96.28050014408257,103.25689130403518,33588.47516936563,1042670.3839368871,554.6250764513787,383494.84072580695,1353134.5111087628,8.045977011494253e-05,0.01991522006650433,0.5993333333333334
64,86578097163493939736796028679458741811,90.6432863849673,95.47827369577908,77.63238052267282,31927.446116478222,870462.1079436524,552.0561825485024,359620.5178716874,1551514.3508545936,5.172413793103448e-05,0.01898124001780431,0.5005689655172414
65,86578097163493939736796028679458741811,90.6432863849673,95.47827369577908,77.63238052267282,31927.446116478222,870462.1079436524,552.0561825485024,359620.5178716874,1551514.3508545936,5.172413793103448e-05,0.01898124001780431,0.5005689655172414
66,86578097163493939736796028679458741811,90.6432863849673,95.47827369577908,77.63238052267282,31927.446116478222,870462.1079436524,552.0561825485024,359620.5178716874,1551514.3508545936,5.172413793103448e-05,0.01898124001780431,0.5005689655172414
67,86578097163493939736796028679458741811,90.6432863849673,95.47827369577908,77.63238052267282,31927.446116478222,870462.1079436524,552.0561825485024,359620.5178716874,1551514.3508545936,5.172413793103448e-05,0.01898124001780431,0.5005689655172414
68,86578097163493939736796028679458741811,89.06068248698304,94.67752377057535,106.00304844621525,30293.518457108337,1043691.6473709276,543.1749130753673,335796.37498756126,1749679.0529530789,6.896551724137931e-05,0.018064793723108076,0.6001091954022989
69,86578097163493939736796028679458741811,89.06068248698304,94.67752377057535,106.00304844621525,30293.518457108337,1043691.6473709276,543.1749130753673,335796.37498756126,1749679.0529530789,6.896551724137931e-05,0.018064793723108076,0.6001091954022989
70,86578097163493939736796028679458741811,89.06068248698304,94.67752377057535,106.00304844621525,30293.518457108337,1043691.6473709276,543.1749130753673,335796.37498756126,1749679.0529530789,6.896551724137931e-05,0.018064793723108076,0.6001091954022989
71,86578097163493939736796028679458741811,89.06068248698304,94.67752377057535,106.00304844621525,30293.518457108337,1043691.6473709276,543.1749130753673,335796.37498756126,1749679.0529530789,6.896551724137931e-05,0.018064793723108076,0.6001091954022989
72,86578097163493939736796028679458741811,87.40473306491533,93.870777123495,89.43321798588023,28619.34577693768,1217935.7505720614,530.1403006196415,311571.3957521987,1949134.9049299848,5.747126436781609e-05,0.01712270136761536,0.7005747126436782
73,86578097163493939736796028679458741811,87.40473306491533,93.870777123495,89.43321798588023,28619.34577693768,1217935.7505720614,530.1403006196415,311571.3957521987,1949134.9049299848,5.747126436781609e-05,0.01712270136761536,0.7005747126436782
74,86578097163493939736796028679458741811,87.40473306491533,93.870777123495,89.43321798588023,28619.34577693768,1217935.7505720614,530.1403006196415,311571.3957521987,1949134.9049299848,5.747126436781609e-05,0.01712270136761536,0.7005747126436782
75,86578097163493939736796028679458741811,87.40473306491533,93.870777123495,89.43321798588023,28619.34577693768,1217935.7505720614,530.1403006196415,311571.3957521987,1949134.9049299848,5.747126436781609e-05,0.01712270136761536,0.7005747126436782
76,86578097163493939736796028679458741811,85.7398720188028,93.05824898302453,100.84482437505157,26974.526521483487,1392051.8442663106,521.2174735029355,287708.54372462194,2148270.527239025,6.896551724137931e-05,0.01620245856570576,0.8004712643678161
77,86578097163493939736796028679458741811,85.7398720188028,93.05824898302453,100.84482437505157,26974.526521483487,1392051.8442663106,521.2174735029355,287708.54372462194,2148270.527239025,6.896551724137931e-05,0.01620245856570576,0.8004712643678161
78,86578097163493939736796028679458741811,85.7398720188028,93.05824898302453,100.84482437505157,26974.526521483487,1392051.8442663106,521.2174735029355,287708.54372462194,2148270.527239025,6.896551724137931e-05,0.01620245856570576,0.8004712643678161
79,86578097163493939736796028679458741811,85.7398720188028,93.05824898302453,100.84482437505157,26974.526521483487,1392051.8442663106,521.2174735029355,287708.54372462194,2148270.527239025,6.896551724137931e-05,0.01620245856570576,0.8004712643678161
80,86578097163493939736796028679458741811,84.07385494576654,92.25488906313137,69.1962891427138,25321.081782214726,1565755.2832006565,512.067310279235,263849.2680268747,2346940.674442537,4.597701149425287e-05,0.01527734139763831,0.8999942528735633
81,86578097163493939736796028679458741811,84.07385494576654,92.25488906313137,69.1962891427138,25321.081782214726,1565755.2832006565,512.067310279235,263849.2680268747,2346940.674442537,4.597701149425287e-05,0.01527734139763831,0.8999942528735633
82,86578097163493939736796028679458741811,84.07385494576654,92.25488906313137,69.1962891427138,25321.081782214726,1565755.2832006565,512.067310279235,263849.2680268747,2346940.674442537,4.597701149425287e-05,0.01527734139763831,0.8999942528735633
83,86578097163493939736796028679458741811,84.07385494576654,92.25488906313137,69.1962891427138,25321.081782214726,1565755.2832006565,512.067310279235,263849.2680268747,2346940.674442537,4.597701149425287e-05,0.01527734139763831,0.8999942528735633
84,86578097163493939736796028679458741811,82.39377803868882,91.44613034606364,5.015523303294811,30783.61819828221,1738606.2902077145,2.3416670592449864,249105.23424945155,2544790.1875325684,5.747126436781609e-06,0.01865982457931942,0.999551724137931
85,86578097163493939736796028679458741811,82.39377803868882,91.44613034606364,5.015523303294811,30783.61819828221,1738606.2902077145,2.3416670592449864,249105.23424945155,2544790.1875325684,5.747126436781609e-06,0.01865982457931942,0.999551724137931
86,86578097163493939736796028679458741811,82.39377803868882,91.44613034606364,5.015523303294811,30783.61819828221,1738606.2902077145,2.3416670592449864,249105.23424945155,2544790.1875325684,5.747126436781609e-06,0.01865982457931942,0.999551724137931
87,86578097163493939736796028679458741811,82.39377803868882,91.44613034606364,5.015523303294811,30783.61819828221,1738606.2902077145,2.3416670592449864,249105.23424945155,2544790.1875325684,5.747126436781609e-06,0.01865982457931942,0.999551724137931
88,86578097163493939736796028679458741811,97.95496476490128,99.51239819555724,60.18580830411675,40205.53660253426,1739370.496699406,1083.7049932787127,562802.2175109906,666932.7027818639,4.597701149425287e-05,0.023629334345735258,1.0
89,86578097163493939736796028679458741811,97.95496476490128,99.51239819555724,60.18580830411675,40205.53660253426,1739370.496699406,1083.7049932787127,562802.2175109906,666932.7027818639,4.597701149425287e-05,0.023629334345735258,1.0
90,86578097163493939736796028679458741811,97.95496476490128,99.51239819555724,60.18580830411675,40205.53660253426,1739370.496699406,1083.7049932787127,562802.2175109906,666932.7027818639,4.597701149425287e-05,0.023629334345735258,1.0
91,86578097163493939736796028679458741811,97.95496476490128,99.51239819555724,60.18580830411675,40205.53660253426,1739370.496699406,1083.7049932787127,562802.2175109906,666932.7027818639,4.597701149425287e-05,0.023629334345735258,1.0
92,86578097163493939736796028679458741811,96.53239926178651,98.70829882061491,73.38155598159823,38547.96480338337,1564536.8170392064,1066.9094942954334,540058.7406767642,876929.1587257759,5.747126436781609e-05,0.022697169638415414,0.8993850574712644
93,86578097163493939736796028679458741811,96.53239926178651,98.70829882061491,73.38155598159823,38547.96480338337,1564536.8170392064,1066.9094942954334,540058.7406767642,876929.1587257759,5.747126436781609e-05,0.022697169638415414,0.8993850574712644
94,86578097163493939736796028679458741811,96.53239926178651,98.70829882061491,73.38155598159823,38547.96480338337,1564536.8170392064,1066.9094942954334,540058.7406767642,876929.1587257759,5.747126436781609e-05,0.022697169638415414,0.8993850574712644
95,86578097163493939736796028679458741811,96.53239926178651,98.70829882061491,73.38155598159823,38547.96480338337,1564536.8170392064,1066.9094942954334,540058.7406767642,876929.1587257759,5.747126436781609e-05,0.022697169638415414,0.8993850574712644
96,86578097163493939736796028679458741811,95.10316253977679,97.89239377887893,56.45436086113169,36894.15787058157,1391206.2506039506,1048.1062832342693,517127.19884588674,1085283.96558734,4.597701149425287e-05,0.021764267448659877,0.7992528735632184
97,86578097163493939736796028679458741811,95.10316253977679,97.89239377887893,56.45436086113169,36894.15787058157,1391206.2506039506,1048.1062832342693,517127.19884588674,1085283.96558734,4.597701149425287e-05,0.021764267448659877,0.7992528735632184
98,86578097163493939736796028679458741811,95.10316253977679,97.89239377887893,56.45436086113169,36894.15787058157,1391206.2506039506,1048.1062832342693,517127.19884588674,1085283.96558734,4.597701149425287e-05,0.021764267448659877,0.7992528735632184
99,86578097163493939736796028679458741811,95.10316253977679,97.89239377887893,56.45436086113169,36894.15787058157,1391206.2506039506,1048.1062832342693,517127.19884588674,1085283.96558734,4.597701149425287e-05,0.021764267448659877,0.7992528735632184
100,86578097163493939736796028679458741811,93.66537784918782,97.08823544691894,63.560481071221346,35263.574839034576,1219204.442310417,1019.4208167048704,494460.35495180666,1292302.7169140812,4.597701149425287e-05,0.02084694402988331,0.7002011494252873
101,86578097163493939736796028679458741811,93.66537784918782,97.08823544691894,63.560481071221346,35263.574839034576,1219204.442310417,1019.4208167048704,494460.35495180666,1292302.7169140812,4.597701149425287e-05,0.02084694402988331,0.7002011494252873
102,86578097163493939736796028679458741811,93.66537784918782,97.08823544691894,63.560481071221346,35263.574839034576,1219204.442310417,1019.4208167048704,494460.35495180666,1292302.7169140812,4.597701149425287e-05,0.02084694402988331,0.7002011494252873
103,86578097163493939736796028679458741811,93.66537784918782,97.08823544691894,63.560481071221346,35263.574839034576,1219204.442310417,1019.4208167048704,494460.35495180666,1292302.7169140812,4.597701149425287e-05,0.02084694402988331,0.7002011494252873
104,86578097163493939736796028679458741811,92.152735010713,96.28050014408257,103.25689130403518,33588.47516936563,1042670.3839368871,999.9798313408841,471849.55652949726,1504994.790184976,8.045977011494253e-05,0.01991522006650433,0.5993333333333334
105,86578097163493939736796028679458741811,92.152735010713,96.28050014408257,103.25689130403518,33588.47516936563,1042670.3839368871,999.9798313408841,471849.55652949726,1504994.790184976,8.045977011494253e-05,0.01991522006650433,0.5993333333333334
106,86578097163493939736796028679458741811,92.152735010713,96.28050014408257,103.25689130403518,33588.47516936563,1042670.3839368871,999.9798313408841,471849.55652949726,1504994.790184976,8.045977011494253e-05,0.01991522006650433,0.5993333333333334
107,86578097163493939736796028679458741811,92.152735010713,96.28050014408257,103.25689130403518,33588.47516936563,1042670.3839368871,999.9798313408841,471849.55652949726,1504994.790184976,8.045977011494253e-05,0.01991522006650433,0.5993333333333334
108,86578097163493939736796028679458741811,90.6432863849673,95.47827369577908,77.63238052267282,31927.446116478222,870462.1079436524,980.0940764909168,449188.1300520982,1714093.0725735913,5.172413793103448e-05,0.01898124001780431,0.5005689655172414
109,86578097163493939736796028679458741811,90.6432863849673,95.47827369577908,77.63238052267282,31927.446116478222,870462.1079436524,980.0940764909168,449188.1300520982,1714093.0725735913,5.172413793103448e-05,0.01898124001780431,0.5005689655172414
110,86578097163493939736796028679458741811,90.6432863849673,95.47827369577908,77.63238052267282,31927.446116478222,870462.1079436524,980.0940764909168,449188.1300520982,1714093.0725735913,5.172413793103448e-05,0.01898124001780431,0.5005689655172414
111,86578097163493939736796028679458741811,90.6432863849673,95.47827369577908,77.63238052267282,31927.446116478222,870462.1079436524,980.0940764909168,449188.1300520982,1714093.0725735913,5.172413793103448e-05,0.01898124001780431,0.5005689655172414
112,86578097163493939736796028679458741811,89.06068248698304,94.67752377057535,106.00304844621525,30293.518457108337,1043691.6473709276,962.9236682008435,426762.2191115089,1922929.1571173074,6.896551724137931e-05,0.018064793723108076,0.6001091954022989
113,86578097163493939736796028679458741811,89.06068248698304,94.67752377057535,106.00304844621525,30293.518457108337,1043691.6473709276,962.9236682008435,426762.2191115089,1922929.1571173074,6.896551724137931e-05,0.018064793723108076,0.6001091954022989
114,86578097163493939736796028679458741811,89.06068248698304,94.67752377057535,106.00304844621525,30293.518457108337,1043691.6473709276,962.9236682008435,426762.2191115089,1922929.1571173074,6.896551724137931e-05,0.018064793723108076,0.6001091954022989
115,86578097163493939736796028679458741811,89.06068248698304,94.67752377057535,106.00304844621525,30293.518457108337,1043691.6473709276,962.9236682008435,426762.2191115089,1922929.1571173074,6.896551724137931e-05,0.018064793723108076,0.6001091954022989
116,86578097163493939736796028679458741811,87.40473306491533,93.870777123495,89.43321798588023,28619.34577693768,1217935.7505720614,922.6896756096753,404012.62216657435,2133360.131468736,5.747126436781609e-05,0.01712270136761536,0.7005747126436782
117,86578097163493939736796028679458741811,87.40473306491533,93.870777123495,89.43321798588023,28619.34577693768,1217935.7505720614,922.6896756096753,404012.62216657435,2133360.131468736,5.747126436781609e-05,0.01712270136761536,0.7005747126436782
118,86578097163493939736796028679458741811,87.40473306491533,93.870777123495,89.43321798588023,28619.34577693768,1217935.7505720614,922.6896756096753,404012.62216657435,2133360.131468736,5.747126436781609e-05,0.01712270136761536,0.7005747126436782
119,86578097163493939736796028679458741811,87.40473306491533,93.870777123495,89.43321798588023,28619.34577693768,1217935.7505720614,922.6896756096753,404012.62216657435,2133360.131468736,5.747126436781609e-05,0.01712270136761536,0.7005747126436782
120,86578097163493939736796028679458741811,85.7398720188028,93.05824898302453,100.84482437505157,26974.526521483487,1392051.8442663106,890.616281814318,381450.7425447884,2343069.7511993423,6.896551724137931e-05,0.01620245856570576,0.8004712643678161
121,86578097163493939736796028679458741811,85.7398720188028,93.05824898302453,100.84482437505157,26974.526521483487,1392051.8442663106,890.616281814318,381450.7425447884,2343069.7511993423,6.896551724137931e-05,0.01620245856570576,0.8004712643678161
122,86578097163493939736796028679458741811,85.7398720188028,93.05824898302453,100.84482437505157,26974.526521483487,1392051.8442663106,890.616281814318,381450.7425447884,2343069.7511993423,6.896551724137931e-05,0.01620245856570576,0.8004712643678161
123,86578097163493939736796028679458741811,85.7398720188028,93.05824898302453,100.84482437505157,26974.526521483487,1392051.8442663106,890.616281814318,381450.7425447884,2343069.7511993423,6.896551724137931e-05,0.01620245856570576,0.8004712643678161
124,86578097163493939736796028679458741811,84.07385494576654,92.25488906313137,69.1962891427138,25321.081782214726,1565755.2832006565,870.4976430429731,358858.96884695004,2552513.1752946414,4.597701149425287e-05,0.01527734139763831,0.8999942528735633
125,86578097163493939736796028679458741811,84.07385494576654,92.25488906313137,69.1962891427138,25321.081782214726,1565755.2832006565,870.4976430429731,358858.96884695004,2552513.1752946414,4.597701149425287e-05,0.01527734139763831,0.8999942528735633
126,86578097163493939736796028679458741811,84.07385494576654,92.25488906313137,69.1962891427138,25321.081782214726,1565755.2832006565,870.4976430429731,358858.96884695004,2552513.1752946414,4.597701149425287e-05,0.01527734139763831,0.8999942528735633
127,86578097163493939736796028679458741811,84.07385494576654,92.25488906313137,69.1962891427138,25321.081782214726,1565755.2832006565,870.4976430429731,358858.96884695004,2552513.1752946414,4.597701149425287e-05,0.01527734139763831,0.8999942528735633
128,86578097163493939736796028679458741811,82.39377803868882,91.44613034606364,5.015523303294811,30783.61819828221,1738606.2902077145,4.683334118489973,348884.2039778975,2760677.24150844,5.747126436781609e-06,0.01865982457931942,0.999551724137931
129,86578097163493939736796028679458741811,82.39377803868882,91.44613034606364,5.015523303294811,30783.61819828221,1738606.2902077145,4.683334118489973,348884.2039778975,2760677.24150844,5.747126436781609e-06,0.01865982457931942,0.999551724137931
130,86578097163493939736796028679458741811,82.39377803868882,91.44613034606364,5.015523303294811,30783.61819828221,1738606.2902077145,4.683334118489973,348884.2039778975,2760677.24150844,5.747126436781609e-06,0.01865982457931942,0.999551724137931
131,86578097163493939736796028679458741811,82.39377803868882,91.44613034606364,5.015523303294811,30783.61819828221,1738606.2902077145,4.683334118489973,348884.2039778975,2760677.24150844,5.747126436781609e-06,0.01865982457931942,0.999551724137931
132,86578097163493939736796028679458741811,97.95496476490128,99.51239819555724,60.18580830411675,40205.53660253426,1739370.496699406,1424.9973326111976,591590.0435472503,709816.8005785758,4.597701149425287e-05,0.023629334345735258,1.0
133,86578097163493939736796028679458741811,97.95496476490128,99.51239819555724,60.18580830411675,40205.53660253426,1739370.496699406,1424.9973326111976,591590.0435472503,709816.8005785758,4.597701149425287e-05,0.023629334345735258,1.0
134,86578097163493939736796028679458741811,97.95496476490128,99.51239819555724,60.18580830411675,40205.53660253426,1739370.496699406,1424.9973326111976,591590.0435472503,709816.8005785758,4.597701149425287e-05,0.023629334345735258,1.0
135,86578097163493939736796028679458741811,97.95496476490128,99.51239819555724,60.18580830411675,40205.53660253426,1739370.496699406,1424.9973326111976,591590.0435472503,709816.8005785758,4.597701149425287e-05,0.023629334345735258,1.0
136,86578097163493939736796028679458741811,96.53239926178651,98.70829882061491,73.38155598159823,38547.96480338337,1564536.8170392064,1398.4987917147773,569639.7679253836,920021.7432290032,5.747126436781609e-05,0.022697169638415414,0.8993850574712644
137,86578097163493939736796028679458741811,96.53239926178651,98.70829882061491,73.38155598159823,38547.96480338337,1564536.8170392064,1398.4987917147773,569639.7679253836,920021.7432290032,5.747126436781609e-05,0.022697169638415414,0.8993850574712644
138,86578097163493939736796028679458741811,96.53239926178651,98.70829882061491,73.38155598159823,38547.96480338337,1564536.8170392064,1398.4987917147773,569639.7679253836,920021.7432290032,5.747126436781609e-05,0.022697169638415414,0.8993850574712644
139,86578097163493939736796028679458741811,96.53239926178651,98.70829882061491,73.38155598159823,38547.96480338337,1564536.8170392064,1398.4987917147773,569639.7679253836,920021.7432290032,5.747126436781609e-05,0.022697169638415414,0.8993850574712644
140,86578097163493939736796028679458741811,95.10316253977679,97.89239377887893,56.45436086113169,36894.15787058157,1391206.2506039506,1366.6805825450142,547442.0293771947,1129221.7894989229,4.597701149425287e-05,0.021764267448659877,0.7992528735632184
141,86578097163493939736796028679458741811,95.10316253977679,97.89239377887893,56.45436086113169,36894.15787058157,1391206.2506039506,1366.6805825450142,547442.0293771947,1129221.7894989229,4.597701149425287e-05,0.021764267448659877,0.7992528735632184
142,86578097163493939736796028679458741811,95.10316253977679,97.89239377887893,56.45436086113169,36894.15787058157,1391206.2506039506,1366.6805825450142,547442.0293771947,1129221.7894989229,4.597701149425287e-05,0.021764267448659877,0.7992528735632184
143,86578097163493939736796028679458741811,95.10316253977679,97.89239377887893,56.45436086113169,36894.15787058157,1391206.2506039506,1366.6805825450142,547442.0293771947,1129221.7894989229,4.597701149425287e-05,0.021764267448659877,0.7992528735632184
144,86578097163493939736796028679458741811,93.66537784918782,97.08823544691894,63.560481071221346,35263.574839034576,1219204.442310417,1326.8216284369466,525611.288896299,1337074.3084596938,4.597701149425287e-05,0.02084694402988331,0.7002011494252873
145,86578097163493939736796028679458741811,93.66537784918782,97.08823544691894,63.560481071221346,35263.574839034576,1219204.442310417,1326.8216284369466,525611.288896299,1337074.3084596938,4.597701149425287e-05,0.02084694402988331,0.7002011494252873
146,86578097163493939736796028679458741811,93.66537784918782,97.08823544691894,63.560481071221346,35263.574839034576,1219204.442310417,1326.8216284369466,525611.288896299,1337074.3084596938,4.597701149425287e-05,0.02084694402988331,0.7002011494252873
147,86578097163493939736796028679458741811,93.66537784918782,97.08823544691894,63.560481071221346,35263.574839034576,1219204.442310417,1326.8216284369466,525611.288896299,1337074.3084596938,4.597701149425287e-05,0.02084694402988331,0.7002011494252873
148,86578097163493939736796028679458741811,92.152735010713,96.28050014408257,103.25689130403518,33588.47516936563,1042670.3839368871,1275.7870576263265,503815.4315759223,1550508.8353968996,8.045977011494253e-05,0.01991522006650433,0.5993333333333334
149,86578097163493939736796028679458741811,92.152735010713,96.28050014408257,103.25689130403518,33588.47516936563,1042670.3839368871,1275.7870576263265,503815.4315759223,1550508.8353968996,8.045977011494253e-05,0.01991522006650433,0.5993333333333334
150,86578097163493939736796028679458741811,92.152735010713,96.28050014408257,103.25689130403518,33588.47516936563,1042670.3839368871,1275.7870576263265,503815.4315759223,1550508.8353968996,8.045977011494253e-05,0.01991522006650433,0.5993333333333334
151,86578097163493939736796028679458741811,92.152735010713,96.28050014408257,103.25689130403518,33588.47516936563,1042670.3839368871,1275.7870576263265,503815.4315759223,1550508.8353968996,8.045977011494253e-05,0.01991522006650433,0.5993333333333334
152,86578097163493939736796028679458741811,90.6432863849673,95.47827369577908,77.63238052267282,31927.446116478222,870462.1079436524,1250.570978164301,482063.6964421469,1760623.2172772037,5.172413793103448e-05,0.01898124001780431,0.5005689655172414
153,86578097163493939736796028679458741811,90.6432863849673,95.47827369577908,77.63238052267282,31927.446116478222,870462.1079436524,1250.570978164301,482063.6964421469,1760623.2172772037,5.172413793103448e-05,0.01898124001780431,0.5005689655172414
154,86578097163493939736796028679458741811,90.6432863849673,95.47827369577908,77.63238052267282,31927.446116478222,870462.1079436524,1250.570978164301,482063.6964421469,1760623.2172772037,5.172413793103448e-05,0.01898124001780431,0.5005689655172414
155,86578097163493939736796028679458741811,90.6432863849673,95.47827369577908,77.63238052267282,31927.446116478222,870462.1079436524,1250.570978164301,482063.6964421469,1760623.2172772037,5.172413793103448e-05,0.01898124001780431,0.5005689655172414
156,86578097163493939736796028679458741811,89.06068248698304,94.67752377057535,106.00304844621525,30293.518457108337,1043691.6473709276,1209.2215732692448,460465.3232692617,1970239.4630244626,6.896551724137931e-05,0.018064793723108076,0.6001091954022989
157,86578097163493939736796028679458741811,89.06068248698304,94.67752377057535,106.00304844621525,30293.518457108337,1043691.6473709276,1209.2215732692448,460465.3232692617,1970239.4630244626,6.896551724137931e-05,0.018064793723108076,0.6001091954022989
158,86578097163493939736796028679458741811,89.06068248698304,94.67752377057535,106.00304844621525,30293.518457108337,1043691.6473709276,1209.2215732692448,460465.3232692617,1970239.4630244626,6.896551724137931e-05,0.018064793723108076,0.6001091954022989
159,86578097163493939736796028679458741811,89.06068248698304,94.67752377057535,106.00304844621525,30293.518457108337,1043691.6473709276,1209.2215732692448,460465.3232692617,1970239.4630244626,6.896551724137931e-05,0.018064793723108076,0.6001091954022989
160,86578097163493939736796028679458741811,87.40473306491533,93.870777123495,89.43321798588023,28619.34577693768,1217935.7505720614,1151.1568797945156,438557.7982209601,2181593.721405767,5.747126436781609e-05,0.01712270136761536,0.7005747126436782
