iteration,t,average_battery_percentage,total_current_power_demand,total_VTG_capacity,mean_charging
0,0,100.0,,,
0,1,93.77638819033389,355.7502167765693,41.74570779182856,0.39
0,2,93.9,41.74570779182856,0.0,0.07
0,3,93.9,0.0,0.0,0.0
0,4,93.9,0.0,0.0,0.0
0,5,93.9,0.0,0.0,0.0
0,6,93.9,0.0,0.0,0.0
0,7,93.9,0.0,0.0,0.0
0,8,93.9,0.0,0.0,0.0
0,9,93.9,0.0,0.0,0.0
0,10,93.9,0.0,0.0,0.0
0,11,93.9,0.0,0.0,0.0
0,12,93.9,0.0,0.0,0.0
0,13,93.9,0.0,0.0,0.0
0,14,93.9,0.0,0.0,0.0
0,15,93.9,0.0,0.0,0.0
0,16,93.9,0.0,0.0,0.0
0,17,93.9,0.0,0.0,0.0
0,18,93.9,0.0,0.0,0.0
0,19,93.9,0.0,0.0,0.0
0,20,93.9,0.0,0.0,0.0
0,21,93.9,0.0,0.0,0.0
0,22,93.9,0.0,0.0,0.0
0,23,93.9,0.0,0.0,0.0
0,24,93.9,0.0,0.0,0.0
0,25,93.9,0.0,0.0,0.0
0,26,93.9,0.0,0.0,0.0
0,27,93.9,0.0,0.0,0.0
0,28,93.9,0.0,0.0,0.0
0,29,93.9,0.0,0.0,0.0
0,30,93.9,0.0,0.0,0.0
0,31,93.85436306940413,0.0,0.0,0.0
0,32,93.62705154346585,0.0,0.0,0.0
0,33,93.33813318705617,14.104456297189943,1.511458521311198,0.01
0,34,93.21404723278334,19.664844470968234,8.377778576538702,0.03
0,35,92.8467239120396,5.540674047708727,11.564128855227096,0.01
0,36,92.7060607987079,29.727468268926877,17.99601690035061,0.03
0,37,92.15942727875478,16.89803931320846,21.612159374072142,0.02
0,38,91.69990456655005,30.723717917810244,27.720064682099384,0.03
0,39,91.35503292065779,27.709473596439853,56.70706471256894,0.03
0,40,90.48552820969638,48.54220933505137,45.959572231579344,0.05
0,41,89.88921393176129,58.09570830121315,78.87662601617905,0.06
0,42,89.54537361808003,42.31809259682125,96.21144139662564,0.06
0,43,89.39560119191096,30.252791883910607,112.98324120945196,0.04
0,44,89.49480347109535,51.4416752247672,125.58808834325681,0.05
0,45,89.47083108600665,6.290109658396849,130.2621830654041,0.01
0,46,89.39326076354247,0.0,130.2621830654041,0.0
0,47,89.31569044107827,0.0,130.2621830654041,0.0
0,48,89.23812011861409,0.0,130.2621830654041,0.0
0,49,89.20870298820752,0.0,130.2621830654041,0.0
0,50,89.31886140701017,8.186512067969577,143.71905580447248,0.01
0,51,89.4205321180036,8.186512067969577,136.3342351137474,0.01
0,52,89.4734571618667,8.464008849129733,139.25038651061823,0.01
0,53,89.38907300124642,0.0,139.25038651061823,0.0
0,54,89.49535799726792,11.702348675580293,158.23484511606688,0.01
0,55,89.33072849519098,0.0,133.1008061506311,0.0
0,56,89.21923637886819,17.005773513586153,154.15034423491272,0.02
0,57,88.84418346910454,21.906571154229514,150.0918475732684,0.02
0,58,89.41815755347149,69.09755447198462,211.81519846374215,0.08
0,59,90.0213256402829,80.88324441400758,261.47940661258656,0.09
0,60,90.06846735029143,30.615160230653856,243.38780696302095,0.04
0,61,90.11231683800958,35.0778354137027,244.28219638706994,0.04
0,62,90.54421947917405,63.39234888229164,295.2198727532277,0.06
0,63,90.64269573843974,39.04026843368726,283.48421777392923,0.05
0,64,90.68669971359643,41.928088640346665,294.29394726423914,0.04
0,65,90.50360911011447,11.960216388218367,283.6282372247308,0.01
0,66,90.72642254870553,46.41136718128375,303.37923141905264,0.05
0,67,90.84394673814475,37.82705044474922,319.2479424758793,0.06
0,68,90.68656026856101,30.977709850759297,318.9162739648508,0.04
0,69,91.14781669661573,79.23548974081808,399.39354908568066,0.08
0,70,91.55023918121672,67.73966808055465,425.56582236513134,0.06
0,71,91.46563578130619,67.87977749245731,413.3054348413531,0.06
0,72,91.75382653525284,44.40102980099162,434.4624930225649,0.04
1,0,100.0,,,
1,1,94.14692855504187,422.447197466019,39.5122885899304,0.42
1,2,94.2,39.5122885899304,0.0,0.06
1,3,94.2,0.0,0.0,0.0
1,4,94.2,0.0,0.0,0.0
1,5,94.2,0.0,0.0,0.0
1,6,94.2,0.0,0.0,0.0
1,7,94.2,0.0,0.0,0.0
1,8,94.2,0.0,0.0,0.0
1,9,94.2,0.0,0.0,0.0
1,10,94.2,0.0,0.0,0.0
1,11,94.2,0.0,0.0,0.0
1,12,94.2,0.0,0.0,0.0
1,13,94.2,0.0,0.0,0.0
1,14,94.2,0.0,0.0,0.0
1,15,94.2,0.0,0.0,0.0
1,16,94.2,0.0,0.0,0.0
1,17,94.2,0.0,0.0,0.0
1,18,94.2,0.0,0.0,0.0
1,19,94.2,0.0,0.0,0.0
1,20,94.2,0.0,0.0,0.0
1,21,94.2,0.0,0.0,0.0
1,22,94.2,0.0,0.0,0.0
1,23,94.2,0.0,0.0,0.0
1,24,94.2,0.0,0.0,0.0
1,25,94.2,0.0,0.0,0.0
1,26,94.2,0.0,0.0,0.0
1,27,94.2,0.0,0.0,0.0
1,28,94.2,0.0,0.0,0.0
1,29,94.17173660839644,0.0,0.0,0.0
1,30,94.0724489071822,0.0,0.0,0.0
1,31,93.9723921356463,0.0,0.0,0.0
1,32,93.86814858136125,0.0,0.0,0.0
1,33,93.9049337213814,6.755232857493654,6.2635437368956275,0.01
1,34,93.46955323951897,0.0,6.2635437368956275,0.0
1,35,93.02089501116482,21.349202626922125,10.266265541553885,0.02
1,36,92.75066899655324,26.84869670683173,22.525198554405073,0.03
1,37,92.22018922953448,14.994848183373632,25.28666783071511,0.01
1,38,91.46266515057232,7.715763833887061,27.21391014141694,0.01
1,39,90.94544024020173,46.51612042515012,46.348807499563186,0.05
1,40,90.22616324994368,34.672693561232066,56.569317373929806,0.03
1,41,89.5700673794099,52.19432088990429,70.98671578876922,0.05
1,42,88.51914970388411,20.991720542560188,77.2308273747779,0.02
1,43,88.17645389759136,73.4865203175075,103.8060462459127,0.07
1,44,87.94479837011099,46.135224163928015,121.44318075433564,0.04
1,45,88.07082685489178,25.02200829334312,158.61594184547064,0.03
1,46,88.04245455068713,28.476847963052037,158.4726714291605,0.03
1,47,87.8241265526267,9.21384936927051,150.4028110444514,0.01
1,48,88.19472288745406,9.040134788266453,162.0710917735683,0.01
1,49,88.32833356863955,9.040134788266453,153.03095698530186,0.01
1,50,88.38961375894287,10.559620555134824,172.0375560844644,0.01
1,51,88.36775605661114,10.559620555134824,161.47793552932959,0.01
1,52,88.17373928026386,0.0,161.47793552932959,0.0
1,53,88.89090836015001,41.071975893523216,225.22711078141478,0.04
1,54,89.45689142008904,41.1566847514994,233.93026944589658,0.04
1,55,89.43314148818777,8.078466955479847,186.93440852234806,0.01
1,56,89.54074795523988,16.889433601806076,197.12928889677443,0.02
1,57,89.39873788409854,0.0,197.12928889677443,0.0
1,58,89.27381143881912,0.0,186.7714505429425,0.0
1,59,89.22387218410925,8.872773395733915,198.20420174481342,0.01
1,60,89.17961755060067,26.395292149448057,220.6894733576519,0.03
1,61,89.60349363617036,63.96306538704613,275.95419176765694,0.06
1,62,90.03223782921758,85.37657349407543,248.49102744436613,0.07
1,63,90.18348678751748,66.50537321561522,245.02129159293483,0.07
1,64,89.86334637365547,32.46221546606126,242.94033573011504,0.04
1,65,89.58138656788827,21.85784651182432,268.32231254175844,0.02
1,66,89.60240139403967,72.68295418480679,283.31372223295193,0.07
1,67,90.36064189925347,93.69791519021425,367.840761728246,0.09
1,68,90.65407619008616,52.42019852554821,369.3374823490867,0.05
1,69,90.20333857906326,23.401560360318452,343.7934060227443,0.03
1,70,89.9376864764287,46.421223424532,347.22475968632,0.05
1,71,90.5185854150952,90.97001138920001,444.5088386108505,0.08
1,72,91.11144486590865,53.310967829901465,430.32499305177066,0.05
2,0,100.0,,,
2,1,94.40090151089171,446.2786003912924,35.039727156583865,0.45
2,2,94.5,35.039727156583865,0.0,0.06
2,3,94.5,0.0,0.0,0.0
2,4,94.5,0.0,0.0,0.0
2,5,94.5,0.0,0.0,0.0
2,6,94.5,0.0,0.0,0.0
2,7,94.5,0.0,0.0,0.0
2,8,94.5,0.0,0.0,0.0
2,9,94.5,0.0,0.0,0.0
2,10,94.5,0.0,0.0,0.0
2,11,94.5,0.0,0.0,0.0
2,12,94.5,0.0,0.0,0.0
2,13,94.5,0.0,0.0,0.0
2,14,94.5,0.0,0.0,0.0
2,15,94.5,0.0,0.0,0.0
2,16,94.5,0.0,0.0,0.0
2,17,94.5,0.0,0.0,0.0
2,18,94.5,0.0,0.0,0.0
2,19,94.5,0.0,0.0,0.0
2,20,94.5,0.0,0.0,0.0
2,21,94.5,0.0,0.0,0.0
2,22,94.5,0.0,0.0,0.0
2,23,94.5,0.0,0.0,0.0
2,24,94.5,0.0,0.0,0.0
2,25,94.5,0.0,0.0,0.0
2,26,94.5,0.0,0.0,0.0
2,27,94.5,0.0,0.0,0.0
2,28,94.5,0.0,0.0,0.0
2,29,94.5,0.0,0.0,0.0
2,30,94.46773807372118,0.0,0.0,0.0
2,31,94.43841501134212,11.539418650100428,2.2879464448131586,0.01
2,32,94.28723047897991,0.0,2.2879464448131586,0.0
2,33,93.92926070054011,28.720904391802055,5.572991340362378,0.02
2,34,93.53091587605257,0.0,5.572991340362378,0.0
2,35,93.04680181979744,5.12320768099391,7.840879640289984,0.01
2,36,92.55040510604199,0.0,7.840879640289984,0.0
2,37,92.15114574532366,58.252696280395924,26.829965822400126,0.05
2,38,91.99767436627977,88.87223159277718,49.43591393076179,0.09
2,39,91.82716553916684,47.409516866720125,89.8121839100918,0.05
2,40,91.1236211259152,54.708711764923535,85.14213690184673,0.06
2,41,90.75672652338457,39.86690132904678,114.0448107600549,0.04
2,42,90.16421446713748,36.29215880354336,124.23168459583721,0.04
2,43,89.70203199678839,44.8801705686671,128.08506220882487,0.04
2,44,89.53816353011962,18.67174938967582,149.44899192988723,0.03
2,45,89.59476513917188,26.02370649307739,162.17525983374557,0.03
2,46,89.85391955741119,27.355379204159092,180.03471184017778,0.03
2,47,89.81940431874813,6.613596557652725,173.69463211784065,0.01
2,48,89.79094114412692,0.0,172.52561652367544,0.0
2,49,89.81940431874813,13.848530636616122,173.69463211784065,0.01
2,50,89.8022995126107,0.0,173.69463211784065,0.0
2,51,89.7851947064733,0.0,173.69463211784065,0.0
2,52,89.87040515875755,9.027737286166541,191.75010669017374,0.01
2,53,89.85483455317602,9.027737286166541,194.06741564738326,0.01
2,54,89.82454092934069,0.0,185.03967836121672,0.0
2,55,89.79836861252964,0.0,185.03967836121672,0.0
2,56,89.6262999385811,0.0,176.543205587406,0.0
2,57,89.93633126984645,29.555605407992424,221.07401771034102,0.04
2,58,90.24065248868581,51.87301175332081,260.07032254909956,0.06
2,59,90.3788424823456,34.631598696018045,242.38975802922224,0.04
2,60,90.23060056830887,35.58433686135869,233.40281239098894,0.03
2,61,90.50984394141517,42.276255443399464,254.01757462308575,0.05
2,62,90.636933480976,26.565063713205806,258.9704745959169,0.03
2,63,90.44494929896183,20.33878437203424,248.52927823436235,0.02
2,64,90.51999358086985,18.9080064040356,266.1283275772014,0.02
2,65,90.26582744399387,31.437353393793494,267.11139482669023,0.03
2,66,90.3533051260938,49.740819100595026,268.46442144752393,0.05
2,67,90.49559864834046,33.79768430801875,307.0702869494612,0.04
2,68,91.28599994199134,104.34078688967973,401.49412219807255,0.09
2,69,91.44383651329586,80.70652748071154,371.0585783314199,0.08
2,70,90.9841224314336,14.017004537043633,291.68610181141463,0.01
2,71,91.21147217642518,61.46802180327799,336.1640041317836,0.06
2,72,91.37477413105573,70.23881643467604,351.08315658406366,0.07
3,0,100.0,,,
3,1,93.55766590771667,382.681429731453,18.166821998653106,0.36
3,2,93.6,11.874797799359792,6.292024199293313,0.02
3,3,93.6,0.0,6.292024199293313,0.0
3,4,93.6,0.0,6.292024199293313,0.0
3,5,93.6,0.0,6.292024199293313,0.0
3,6,93.6,0.0,6.292024199293313,0.0
3,7,93.6,0.0,6.292024199293313,0.0
3,8,93.6,0.0,6.292024199293313,0.0
3,9,93.6,0.0,6.292024199293313,0.0
3,10,93.6,0.0,6.292024199293313,0.0
3,11,93.6,0.0,6.292024199293313,0.0
3,12,93.6,0.0,6.292024199293313,0.0
3,13,93.6,0.0,6.292024199293313,0.0
3,14,93.6,0.0,6.292024199293313,0.0
3,15,93.6,0.0,6.292024199293313,0.0
3,16,93.6,0.0,6.292024199293313,0.0
3,17,93.6,0.0,6.292024199293313,0.0
3,18,93.6,0.0,6.292024199293313,0.0
3,19,93.6,0.0,6.292024199293313,0.0
3,20,93.6,0.0,6.292024199293313,0.0
3,21,93.6,0.0,6.292024199293313,0.0
3,22,93.6,0.0,6.292024199293313,0.0
3,23,93.6,0.0,6.292024199293313,0.0
3,24,93.6,0.0,6.292024199293313,0.0
3,25,93.6,0.0,6.292024199293313,0.0
3,26,93.6,0.0,6.292024199293313,0.0
3,27,93.6,0.0,6.292024199293313,0.0
3,28,93.6,0.0,6.292024199293313,0.0
3,29,93.6,0.0,6.292024199293313,0.0
3,30,93.50316820317275,0.0,6.292024199293313,0.0
3,31,93.34844934315066,0.0,6.292024199293313,0.0
3,32,93.23600909595709,12.911025320529603,10.34145270234939,0.01
3,33,93.06914673662548,13.493024735871886,12.084698776873001,0.01
3,34,92.77872371278649,6.366639791708053,13.993814668435906,0.01
3,35,92.29901456463521,6.299278179554577,15.92284977838236,0.01
3,36,91.62139210047839,20.261438774726702,26.93788788807702,0.02
3,37,91.43208993585611,58.10715028033326,41.440527443933576,0.05
3,38,91.10206957486533,61.332028766604324,55.78246920363466,0.05
3,39,90.40522998610082,10.786973037974409,64.29027568475149,0.01
3,40,89.77346619548132,39.309275020218685,71.6238107742719,0.04
3,41,88.83221072978593,11.874797799359792,76.84913503730778,0.02
3,42,88.36014340490765,40.74321832134012,84.01786157203308,0.04
3,43,88.10960231553416,45.382839145179254,98.02132826534549,0.04
3,44,88.51677112717603,20.24880695874886,127.7737553696233,0.02
3,45,88.65461397782995,35.08230340522522,112.99191105103787,0.03
3,46,88.51516662075805,0.0,112.99191105103787,0.0
3,47,88.36488431471398,0.0,111.08279515947498,0.0
3,48,88.59021200328722,21.056573720579937,137.3480422442586,0.02
3,49,88.60207425110428,14.689933928871884,122.65810831538673,0.01
3,50,88.55831406514616,0.0,122.65810831538673,0.0
3,51,88.51455387918806,0.0,122.65810831538673,0.0
3,52,88.44371995186755,0.0,122.65810831538673,0.0
3,53,88.29814313055023,0.0,118.60867981233065,0.0
3,54,88.08277058990019,0.0,118.60867981233065,0.0
3,55,88.3400443812404,22.812610087412637,137.7715405931406,0.02
3,56,88.4361323592772,21.553876406817054,158.85847831602166,0.02
3,57,88.4076848753754,11.030499997851681,157.62235583038435,0.01
3,58,88.24454285662873,24.52352473372357,155.80706405247426,0.02
3,59,87.861289028439,0.0,138.22329598504618,0.0
3,60,88.10599658362038,63.97348685334885,206.59304660064976,0.05
3,61,88.1695449212557,43.707991817311786,188.2902574406838,0.04
3,62,88.44593383383751,62.15689130580854,246.54416110923196,0.06
3,63,88.44263840564449,38.951336480935055,247.06913053132266,0.04
3,64,88.28569804961347,23.388373736106015,230.72649658989053,0.03
3,65,89.22842108169863,113.43758944353146,340.9845802130109,0.12
3,66,89.81822005789277,89.80321196453882,328.3596885491719,0.1
3,67,89.93528665756443,50.13915253186317,302.7317550176605,0.06
3,68,89.76329435445682,11.247319537462387,291.4733827584788,0.02
3,69,90.33973373604411,92.54690822753767,393.04732168632745,0.1
3,70,90.62792055407213,80.57868888530356,426.69819301253654,0.09
3,71,90.66302266563936,36.42721952365545,398.41478893365456,0.04
3,72,90.5259773862002,39.50083105004168,409.379346490953,0.04
4,0,100.0,,,
4,1,94.0116754213897,405.8277574308958,29.5512342138521,0.41
4,2,94.1,29.5512342138521,0.0,0.05
4,3,94.1,0.0,0.0,0.0
4,4,94.1,0.0,0.0,0.0
4,5,94.1,0.0,0.0,0.0
4,6,94.1,0.0,0.0,0.0
4,7,94.1,0.0,0.0,0.0
4,8,94.1,0.0,0.0,0.0
4,9,94.1,0.0,0.0,0.0
4,10,94.1,0.0,0.0,0.0
4,11,94.1,0.0,0.0,0.0
4,12,94.1,0.0,0.0,0.0
4,13,94.1,0.0,0.0,0.0
4,14,94.1,0.0,0.0,0.0
4,15,94.1,0.0,0.0,0.0
4,16,94.1,0.0,0.0,0.0
4,17,94.1,0.0,0.0,0.0
4,18,94.1,0.0,0.0,0.0
4,19,94.1,0.0,0.0,0.0
4,20,94.1,0.0,0.0,0.0
4,21,94.1,0.0,0.0,0.0
4,22,94.1,0.0,0.0,0.0
4,23,94.1,0.0,0.0,0.0
4,24,94.1,0.0,0.0,0.0
4,25,94.1,0.0,0.0,0.0
4,26,94.1,0.0,0.0,0.0
4,27,94.1,0.0,0.0,0.0
4,28,94.1,0.0,0.0,0.0
4,29,94.1,0.0,0.0,0.0
4,30,94.1,0.0,0.0,0.0
4,31,93.97066694598736,0.0,0.0,0.0
4,32,93.92809432259597,6.350650163316509,1.38543680899771,0.01
4,33,93.81141824734499,0.0,1.38543680899771,0.0
4,34,93.55720088860114,8.70059451133935,3.48843859556564,0.01
4,35,93.34763770280227,38.019974971981725,9.809679023984987,0.04
4,36,92.98187702765415,11.862380164008481,11.468003927380199,0.01
4,37,92.7137962520498,28.805300909875438,29.77157710084223,0.03
4,38,92.29158481638846,48.89904153160386,30.906135492025275,0.04
4,39,91.70799040440596,13.701142998451974,34.02930309072792,0.02
4,40,90.99348479137801,60.590426201108656,51.461017242655885,0.06
4,41,90.11859868538971,39.476925002345816,59.64207017585136,0.04
4,42,89.54441546466218,57.782289898020665,72.43644063098213,0.06
4,43,88.99771363077862,13.38404834232084,74.24979274112167,0.01
4,44,89.0915786601002,34.75200055861964,91.81758049775321,0.04
4,45,89.05036323009186,12.434966095723102,101.53824558116396,0.01
4,46,88.88828066815678,0.0,101.53824558116396,0.0
4,47,88.72619810622167,0.0,101.53824558116396,0.0
4,48,88.56411554428658,0.0,101.53824558116396,0.0
4,49,88.46106877536154,0.0,101.53824558116396,0.0
4,50,88.48354773154871,9.89117017562485,121.32058593241366,0.01
4,51,88.64999910060467,19.01761235398017,130.4589316900928,0.02
4,52,88.89271150516032,19.812542479308195,152.40456746746108,0.02
4,53,89.08057338263433,19.812542479308195,138.3757986369514,0.02
4,54,89.19747059012838,15.649647529879392,142.29576716164422,0.02
4,55,89.26327713384268,18.567797415229776,149.35055920845545,0.02
4,56,89.30247523521678,15.705350809042876,166.4195012964047,0.02
4,57,89.29942867540218,23.682534976955452,160.53097455498926,0.02
4,58,89.15265024223827,9.283758679175246,148.5335127086194,0.01
4,59,89.22267903180095,34.370295716383765,175.92351269657343,0.03
4,60,89.72646943962496,64.66587879430672,234.31791997942895,0.06
4,61,89.69052954151232,25.2301287646383,206.28532792810103,0.03
4,62,89.67080232553295,27.87268323577591,210.50358645347512,0.04
4,63,90.02981287114937,79.84121333139308,270.2206104863878,0.08
4,64,90.30315715532284,58.405197496513935,283.7870415692122,0.06
4,65,90.62059249644622,61.69145160893445,284.02762808669024,0.06
4,66,90.65924320579947,49.849465646646735,262.4652274467757,0.06
4,67,90.41406989538638,37.5131088366508,272.47196810027776,0.05
4,68,90.47510003214289,42.79383600555698,301.8944693786914,0.05
4,69,90.20220748529431,54.11750681269038,290.86943852282855,0.05
4,70,90.20141997118739,39.015489232932,326.35765983318345,0.04
4,71,91.16322488511332,85.78474905393922,402.68297316420626,0.08
4,72,91.32309783300835,65.45024164967805,387.99639653242485,0.07
5,0,100.0,,,
5,1,92.82298445474909,307.8635217369623,30.707243989129392,0.29
5,2,92.9,30.707243989129392,0.0,0.05
5,3,92.9,0.0,0.0,0.0
5,4,92.9,0.0,0.0,0.0
5,5,92.9,0.0,0.0,0.0
5,6,92.9,0.0,0.0,0.0
5,7,92.9,0.0,0.0,0.0
5,8,92.9,0.0,0.0,0.0
5,9,92.9,0.0,0.0,0.0
5,10,92.9,0.0,0.0,0.0
5,11,92.9,0.0,0.0,0.0
5,12,92.9,0.0,0.0,0.0
5,13,92.9,0.0,0.0,0.0
5,14,92.9,0.0,0.0,0.0
5,15,92.9,0.0,0.0,0.0
5,16,92.9,0.0,0.0,0.0
5,17,92.9,0.0,0.0,0.0
5,18,92.9,0.0,0.0,0.0
5,19,92.9,0.0,0.0,0.0
5,20,92.9,0.0,0.0,0.0
5,21,92.9,0.0,0.0,0.0
5,22,92.9,0.0,0.0,0.0
5,23,92.9,0.0,0.0,0.0
5,24,92.9,0.0,0.0,0.0
5,25,92.9,0.0,0.0,0.0
5,26,92.9,0.0,0.0,0.0
5,27,92.9,0.0,0.0,0.0
5,28,92.9,0.0,0.0,0.0
5,29,92.9,0.0,0.0,0.0
5,30,92.87384967228176,0.0,0.0,0.0
5,31,92.8800960539167,5.484882550737469,1.9680037904009566,0.01
5,32,92.86672529462638,12.116856827755718,3.277134802448188,0.01
5,33,92.74593292944566,0.0,3.277134802448188,0.0
5,34,92.29160822497128,0.0,3.277134802448188,0.0
5,35,91.8125392750401,12.82868480173348,4.9476923531578905,0.01
5,36,91.38227553423675,5.245662081128982,15.439016515415856,0.01
5,37,90.99027313193433,29.93485362811611,15.346410010474521,0.03
5,38,90.49952845727441,23.55212976250221,22.78376125100175,0.02
5,39,89.7875255059953,33.61005809763042,28.27592176355984,0.03
5,40,89.09275443806584,55.20347431329094,40.03792975715784,0.05
5,41,88.66055156073593,29.257241822484005,64.52673672533581,0.03
5,42,87.8667150714686,25.35236088301817,61.88120430347621,0.03
5,43,87.89310467023788,55.68123749045602,93.68724696481378,0.05
5,44,87.75349339348257,25.186714340695502,87.88298910513555,0.02
5,45,87.71767086186577,19.56511838470343,100.57250450513439,0.02
5,46,87.59805377515113,0.0,100.57250450513439,0.0
5,47,87.47843668843645,0.0,100.57250450513439,0.0
5,48,87.38669962124617,0.0,100.57250450513439,0.0
5,49,87.32114799857857,0.0,100.57250450513439,0.0
5,50,87.25559637591094,0.0,100.57250450513439,0.0
5,51,87.19004475324331,0.0,100.57250450513439,0.0
5,52,87.12449313057569,0.0,100.57250450513439,0.0
5,53,87.04250728735333,0.0,99.91288012668308,0.0
5,54,86.83139703846857,0.0,92.21083740531746,0.0
5,55,86.8144502049478,21.702943213440996,112.23139550824725,0.02
5,56,86.96829397898827,26.668156174855618,137.01033596671832,0.03
5,57,87.06394712329437,34.918774163168095,139.6988902204513,0.04
5,58,86.78973427453816,11.157876021287969,114.51878731679966,0.02
5,59,87.29538368581792,49.95508104356963,151.99726870231635,0.05
5,60,87.32187832725168,15.741691628697213,153.16600185066983,0.02
5,61,87.08953407527352,16.46937179883364,145.69008073977304,0.02
5,62,87.98238204781659,96.47549332645839,235.92006893858203,0.08
5,63,88.07315939226852,29.908066425054347,214.72510279727462,0.03
5,64,88.43945389402899,48.61092213440848,243.0656598764177,0.04
5,65,88.63537725193495,65.29421683175893,251.71973353763602,0.06
5,66,88.74681513632207,31.229978717829592,255.53767484804834,0.04
5,67,88.96018048898654,52.341564034443905,295.9873995559077,0.06
5,68,88.77613351028198,46.97513150542353,284.7099087439694,0.06
5,69,89.11570491514783,50.831664652331526,323.3568247100871,0.07
5,70,89.55382333785312,66.9518746712627,365.3458987085532,0.07
5,71,89.58824517924067,38.749044772875564,349.89232015128806,0.05
5,72,90.31539358982278,58.52582995901948,411.1565649753457,0.07
6,0,100.0,,,
6,1,93.64954814468332,388.72370010221954,16.508972446020906,0.37
6,2,93.7,16.508972446020906,0.0,0.03
6,3,93.7,0.0,0.0,0.0
6,4,93.7,0.0,0.0,0.0
6,5,93.7,0.0,0.0,0.0
6,6,93.7,0.0,0.0,0.0
6,7,93.7,0.0,0.0,0.0
6,8,93.7,0.0,0.0,0.0
6,9,93.7,0.0,0.0,0.0
6,10,93.7,0.0,0.0,0.0
6,11,93.7,0.0,0.0,0.0
6,12,93.7,0.0,0.0,0.0
6,13,93.7,0.0,0.0,0.0
6,14,93.7,0.0,0.0,0.0
6,15,93.7,0.0,0.0,0.0
6,16,93.7,0.0,0.0,0.0
6,17,93.7,0.0,0.0,0.0
6,18,93.7,0.0,0.0,0.0
6,19,93.7,0.0,0.0,0.0
6,20,93.7,0.0,0.0,0.0
6,21,93.7,0.0,0.0,0.0
6,22,93.7,0.0,0.0,0.0
6,23,93.7,0.0,0.0,0.0
6,24,93.7,0.0,0.0,0.0
6,25,93.7,0.0,0.0,0.0
6,26,93.7,0.0,0.0,0.0
6,27,93.7,0.0,0.0,0.0
6,28,93.7,0.0,0.0,0.0
6,29,93.7,0.0,0.0,0.0
6,30,93.66695796362131,0.0,0.0,0.0
6,31,93.57291453087062,0.0,0.0,0.0
6,32,93.58147600332812,7.235194429440841,3.4185250651942596,0.01
6,33,93.45191256365419,8.70338211989768,7.454465337382246,0.01
6,34,93.35854639045876,19.646291139361573,11.419011347715134,0.02
6,35,93.19570191518551,20.257549132020685,18.02169301258693,0.02
6,36,92.55565541010739,0.0,18.02169301258693,0.0
6,37,91.95469059183065,37.224097563064674,24.44558116109252,0.03
6,38,91.73644913109717,47.66267289185683,38.86180419215966,0.05
6,39,90.90384811622157,23.81565286055713,42.66258388968118,0.02
6,40,90.15456377525929,45.70299458460879,53.525673583536744,0.04
6,41,89.55492802666122,69.93735778321405,72.91546597897843,0.06
6,42,89.23482802524806,51.56819502661531,109.03933697147433,0.06
6,43,89.03273442128818,52.81964402648125,110.55792563051803,0.06
6,44,88.95515365419456,14.644690241102591,114.88622603632307,0.01
6,45,88.84637839855667,0.0,114.88622603632307,0.0
6,46,88.70456110654005,0.0,111.4677009711288,0.0
6,47,88.60100539099909,0.0,111.4677009711288,0.0
6,48,88.64085985635083,7.235194429440841,114.88622603632307,0.01
6,49,88.61463024894518,0.0,114.88622603632307,0.0
6,50,88.58840064153952,0.0,114.88622603632307,0.0
6,51,88.56217103413388,0.0,114.88622603632307,0.0
6,52,88.4878925183457,0.0,113.08070561565843,0.0
6,53,88.53594142672823,10.940053303975674,114.88622603632307,0.01
6,54,88.48119549449996,0.0,114.88622603632307,0.0
6,55,88.71937793073761,26.7638423834118,157.39780061872602,0.02
6,56,88.62241040380282,0.0,130.63395823531425,0.0
6,57,88.82120722745952,17.255850977485068,144.08989717622717,0.02
6,58,88.75546567370999,20.512685765419327,146.0514495211654,0.02
6,59,88.61699204774777,8.076134239932493,133.6512022823665,0.01
6,60,88.87133055002886,26.59292274732685,183.5192012843986,0.03
6,61,88.95119644371657,61.44571655348308,185.91796963200972,0.06
6,62,88.51893128410843,6.598533180076638,161.85475739610865,0.01
6,63,89.11894827293487,101.74305937562235,251.46208885976034,0.1
6,64,89.55872095195211,63.64095172272965,239.09351678273185,0.07
6,65,90.50242014151297,124.1805686260812,327.9089449379563,0.13
6,66,91.23734931743033,65.3772764412058,348.6280274504223,0.07
6,67,91.26583428714744,26.713019258111913,321.83231760696475,0.04
6,68,91.80694638832712,78.9162168142903,372.68858289493613,0.09
6,69,91.9937987877268,68.95207296327663,388.08539922126045,0.08
6,70,91.63891423761079,9.931588303033294,346.3121461265465,0.01
6,71,91.63203102830298,78.9251071783712,379.7212371492587,0.07
6,72,91.47694598894701,35.80949841975401,394.42673545510974,0.04
7,0,100.0,,,
7,1,94.21641276949744,433.1492843890117,42.78439314564472,0.43
7,2,94.3,42.78439314564472,0.0,0.07
7,3,94.3,0.0,0.0,0.0
7,4,94.3,0.0,0.0,0.0
7,5,94.3,0.0,0.0,0.0
7,6,94.3,0.0,0.0,0.0
7,7,94.3,0.0,0.0,0.0
7,8,94.3,0.0,0.0,0.0
7,9,94.3,0.0,0.0,0.0
7,10,94.3,0.0,0.0,0.0
7,11,94.3,0.0,0.0,0.0
7,12,94.3,0.0,0.0,0.0
7,13,94.3,0.0,0.0,0.0
7,14,94.3,0.0,0.0,0.0
7,15,94.3,0.0,0.0,0.0
7,16,94.3,0.0,0.0,0.0
7,17,94.3,0.0,0.0,0.0
7,18,94.3,0.0,0.0,0.0
7,19,94.3,0.0,0.0,0.0
7,20,94.3,0.0,0.0,0.0
7,21,94.3,0.0,0.0,0.0
7,22,94.3,0.0,0.0,0.0
7,23,94.3,0.0,0.0,0.0
7,24,94.3,0.0,0.0,0.0
7,25,94.3,0.0,0.0,0.0
7,26,94.3,0.0,0.0,0.0
7,27,94.3,0.0,0.0,0.0
7,28,94.3,0.0,0.0,0.0
7,29,94.3,0.0,0.0,0.0
7,30,94.3,0.0,0.0,0.0
7,31,94.22560967025638,0.0,0.0,0.0
7,32,94.00389294456888,0.0,0.0,0.0
7,33,93.61374448817205,0.0,0.0,0.0
7,34,93.49276209835662,19.007677631147303,3.551280436005925,0.02
7,35,93.35936712379699,12.025925613589841,7.064904035948402,0.02
7,36,92.88062270478936,0.0,7.064904035948402,0.0
7,37,92.50939084859063,44.46224988661764,18.321594281125225,0.05
7,38,92.28424596494956,36.5254114972714,47.97121838068615,0.04
7,39,91.55550530040748,46.6607972666355,43.89031696552322,0.04
7,40,90.80345358016191,57.65201614612631,59.56821141988269,0.05
7,41,90.1647374951633,71.09633706991576,80.7353750390164,0.07
7,42,89.95380165355554,65.14586747740981,111.26797087819789,0.06
7,43,90.1608169610058,36.442013109457676,123.24378523472092,0.04
7,44,90.15803426018907,42.356410407927235,128.7699165913313,0.04
7,45,90.17258812400742,20.711534404578373,138.6424166880107,0.02
7,46,90.06723844480476,0.0,138.6424166880107,0.0
7,47,89.96188876560208,0.0,138.6424166880107,0.0
7,48,90.04897554890589,9.604969214850412,157.3764514409075,0.01
7,49,90.10404232735796,9.604969214850412,147.77148222605706,0.01
7,50,90.03922975316443,0.0,145.59360160524517,0.0
7,51,90.16722251738254,19.332706936722133,168.792525363957,0.02
7,52,90.3389570132288,31.680328226773725,184.8636296546336,0.03
7,53,90.29503030601683,6.979582918733498,162.70598193067508,0.01
7,54,90.23376197434067,7.201090973333825,155.82309165908669,0.01
7,55,90.13827721770967,13.951500925707855,153.32604979661863,0.01
7,56,90.05613800918373,0.0,153.32604979661863,0.0
7,57,90.06181317273246,7.068622494948702,157.7796151771122,0.01
7,58,89.97231794467437,0.0,157.7796151771122,0.0
7,59,89.66346409483498,0.0,138.13723644387585,0.0
7,60,90.00718603078295,36.17201116315732,192.1581608871353,0.04
7,61,90.01962037801245,55.31940283024374,178.61806510986077,0.05
7,62,89.89772039304084,29.922424651177124,176.08861314366578,0.03
7,63,90.47953067508081,57.53343798721504,211.0575454561793,0.06
7,64,90.35235549025809,34.25564405100992,184.32645401742155,0.03
7,65,90.17926501389465,20.006422953951198,183.27076524560795,0.02
7,66,90.11827537087999,49.94635826369833,234.64679157452042,0.05
7,67,90.35160821385733,60.05178575803905,254.8562953832183,0.06
7,68,90.49141558018813,74.34290705163123,267.73052695604747,0.07
7,69,90.0477024095819,35.09836640651749,242.99858055104104,0.05
7,70,90.13883494567398,66.41554115421839,274.720163102293,0.06
7,71,90.02099071811273,34.25048683877746,293.02097160926303,0.04
7,72,90.40192176912967,47.13788616943559,343.6196602290838,0.05
8,0,100.0,,,
8,1,93.98135907777645,380.93525374041303,42.03192144364248,0.41
8,2,94.1,42.03192144364248,0.0,0.07
8,3,94.1,0.0,0.0,0.0
8,4,94.1,0.0,0.0,0.0
8,5,94.1,0.0,0.0,0.0
8,6,94.1,0.0,0.0,0.0
8,7,94.1,0.0,0.0,0.0
8,8,94.1,0.0,0.0,0.0
8,9,94.1,0.0,0.0,0.0
8,10,94.1,0.0,0.0,0.0
8,11,94.1,0.0,0.0,0.0
8,12,94.1,0.0,0.0,0.0
8,13,94.1,0.0,0.0,0.0
8,14,94.1,0.0,0.0,0.0
8,15,94.1,0.0,0.0,0.0
8,16,94.1,0.0,0.0,0.0
8,17,94.1,0.0,0.0,0.0
8,18,94.1,0.0,0.0,0.0
8,19,94.1,0.0,0.0,0.0
8,20,94.1,0.0,0.0,0.0
8,21,94.1,0.0,0.0,0.0
8,22,94.1,0.0,0.0,0.0
8,23,94.1,0.0,0.0,0.0
8,24,94.1,0.0,0.0,0.0
8,25,94.1,0.0,0.0,0.0
8,26,94.1,0.0,0.0,0.0
8,27,94.1,0.0,0.0,0.0
8,28,94.1,0.0,0.0,0.0
8,29,94.1,0.0,0.0,0.0
8,30,94.1,0.0,0.0,0.0
8,31,94.0775226752,0.0,0.0,0.0
8,32,93.99384401749131,0.0,0.0,0.0
8,33,93.84707803081153,0.0,0.0,0.0
8,34,93.72522824424259,7.146300418873018,2.165964251195078,0.01
8,35,93.33494232241124,0.0,2.165964251195078,0.0
8,36,92.62583814605324,5.532700406826114,3.603268817971852,0.01
8,37,92.32977615777662,69.84112298052064,25.161510413027592,0.08
8,38,91.83564778466884,22.231046311494925,28.874429991552834,0.02
8,39,91.32377924844765,41.67080861888135,38.28462868292773,0.05
8,40,90.45505151034608,48.365701149715896,47.74245286069704,0.04
8,41,89.55347513909275,18.82702589211584,53.28018378698151,0.02
8,42,89.30115318184538,39.36292275361373,72.13476467581924,0.05
8,43,89.1024441420301,41.23370997145568,84.5971593968992,0.04
8,44,89.22236677531411,52.95936586159546,107.03648536447825,0.05
8,45,89.20651323106841,14.255149392713637,129.03641544029307,0.02
8,46,89.32556374354598,18.680203148571543,125.70902048987425,0.02
8,47,89.49504177925415,13.094217432997334,147.85148254020356,0.01
8,48,89.5710869822341,6.167105402683747,147.09147591257374,0.01
8,49,89.77952405398432,15.222278025588086,168.17900969509708,0.02
8,50,89.89921500179257,9.055172622904339,164.30492397902032,0.01
8,51,90.0189059496008,9.055172622904339,164.30492397902032,0.01
8,52,90.03660269034752,9.055172622904339,155.24975135611595,0.01
8,53,90.03660269034752,0.0,155.24975135611595,0.0
8,54,89.97163067922256,0.0,150.91472462911594,0.0
8,55,90.03660269034752,18.039153774487573,155.24975135611595,0.02
8,56,89.98434766047963,0.0,155.24975135611595,0.0
8,57,89.88025941571881,0.0,155.24975135611595,0.0
8,58,90.12407786983958,22.361151300481104,193.564821301434,0.02
8,59,90.13676750212068,7.608295721751626,181.775774938562,0.01
8,60,90.01449365882502,0.0,165.88614061006876,0.0
8,61,89.81088250447885,7.146300418873018,168.05210486126384,0.01
8,62,89.5658559775339,14.609072001788666,174.16278255149706,0.01
8,63,89.48609140589151,58.09201755590384,171.32183506110653,0.05
8,64,89.32656554121883,18.357219051305538,170.25175732464885,0.02
8,65,89.77119985819503,85.27416694395237,196.25263569425636,0.09
8,66,89.34226299559705,16.449071520833726,174.72564731073243,0.02
8,67,89.58110217675026,52.51416712805224,225.6349244440045,0.07
8,68,89.96933271615647,87.32840012445898,280.41802704926647,0.09
8,69,89.63053829160043,43.20123079277751,234.96953716942346,0.04
8,70,89.94275358639884,45.28758920331253,260.09620796557624,0.06
8,71,90.05741244715264,45.25863990925704,291.9848883929413,0.05
8,72,89.95803764857554,53.71670065238138,291.9197811393114,0.05
9,0,100.0,,,
9,1,93.47547659142384,372.9985952805202,11.949122021338795,0.35
9,2,93.5,11.949122021338795,0.0,0.02
9,3,93.5,0.0,0.0,0.0
9,4,93.5,0.0,0.0,0.0
9,5,93.5,0.0,0.0,0.0
9,6,93.5,0.0,0.0,0.0
9,7,93.5,0.0,0.0,0.0
9,8,93.5,0.0,0.0,0.0
9,9,93.5,0.0,0.0,0.0
9,10,93.5,0.0,0.0,0.0
9,11,93.5,0.0,0.0,0.0
9,12,93.5,0.0,0.0,0.0
9,13,93.5,0.0,0.0,0.0
9,14,93.5,0.0,0.0,0.0
9,15,93.5,0.0,0.0,0.0
9,16,93.5,0.0,0.0,0.0
9,17,93.5,0.0,0.0,0.0
9,18,93.5,0.0,0.0,0.0
9,19,93.5,0.0,0.0,0.0
9,20,93.5,0.0,0.0,0.0
9,21,93.5,0.0,0.0,0.0
9,22,93.5,0.0,0.0,0.0
9,23,93.5,0.0,0.0,0.0
9,24,93.5,0.0,0.0,0.0
9,25,93.5,0.0,0.0,0.0
9,26,93.5,0.0,0.0,0.0
9,27,93.5,0.0,0.0,0.0
9,28,93.5,0.0,0.0,0.0
9,29,93.4609084759041,0.0,0.0,0.0
9,30,93.38317641583794,0.0,0.0,0.0
9,31,93.26282011379206,0.0,0.0,0.0
9,32,93.08767686397175,0.0,0.0,0.0
9,33,92.84541202517174,0.0,0.0,0.0
9,34,92.62469801343482,14.783395366554902,1.9841037448290706,0.01
9,35,92.18873958562635,0.0,1.9841037448290706,0.0
9,36,91.88376253599596,16.461430872423353,10.276219666456598,0.02
9,37,91.3614540480581,0.0,10.276219666456598,0.0
9,38,91.0556080779592,60.79898062363041,32.45202979074137,0.05
9,39,90.46027083937852,26.62233664621565,40.6100716293438,0.02
9,40,90.03357321622074,65.7583359279552,61.94332028719117,0.07
9,41,89.38636615049947,54.43739663334306,72.10136597121091,0.06
9,42,88.60273101159902,23.678173699959913,75.82577239177613,0.02
9,43,88.66591603761546,49.0816356999642,115.69515817775114,0.04
9,44,88.52241158056744,42.350248002858805,111.07735909029432,0.04
9,45,88.3673117550581,9.503512381935622,114.81527636529837,0.01
9,46,88.28563630642047,11.959232234571768,121.14577951462303,0.01
9,47,88.14588584489485,0.0,121.14577951462303,0.0
9,48,88.21375558111791,11.268236838014772,130.57106910706793,0.01
9,49,88.10366514784211,0.0,130.57106910706793,0.0
9,50,87.99357471456631,0.0,130.57106910706793,0.0
9,51,87.91397081462524,0.0,130.57106910706793,0.0
9,52,87.83436691468421,0.0,130.57106910706793,0.0
9,53,87.83436691468421,0.0,130.57106910706793,0.0
9,54,87.80709856230519,0.0,126.46061555104183,0.0
9,55,87.77983020992619,0.0,126.46061555104183,0.0
9,56,87.80400579589728,9.144367721514755,130.57106910706793,0.01
9,57,87.82791626935551,9.52226449315134,141.34334903593378,0.01
9,58,87.60272644773633,9.52226449315134,138.4528556809977,0.01
9,59,88.07003211232478,79.15847371643919,178.0135269143494,0.06
9,60,88.18572282386555,34.92487707307038,173.7936501143882,0.04
9,61,87.99703419615744,8.908091438253596,171.80954636955914,0.01
9,62,87.86175488870818,23.165185218515553,181.64913838005594,0.02
9,63,88.14192794131785,39.53882459061268,237.63871970014245,0.04
9,64,88.33893918888135,51.33670505829845,244.5834473386357,0.05
9,65,88.94023405121624,83.74874498826713,327.8824850979522,0.07
9,66,88.99682560265144,52.071054678814626,300.76430744634087,0.05
9,67,88.84190258939218,36.878718265387654,278.3953346363194,0.04
9,68,88.57113463105718,41.16090275077174,298.9216625055567,0.04
9,69,88.66644308646458,70.67039244994817,343.884488744672,0.08
9,70,88.51975495615977,49.18281116890471,342.43703794733415,0.06
9,71,89.05810290465257,95.4194806989345,380.9884778456935,0.1
9,72,89.29525402903815,39.490152343207214,369.2908937308083,0.04
10,0,100.0,,,
10,1,92.94298368434785,287.0082179288573,25.926642630542666,0.3
10,2,93.0,25.926642630542666,0.0,0.04
10,3,93.0,0.0,0.0,0.0
10,4,93.0,0.0,0.0,0.0
10,5,93.0,0.0,0.0,0.0
10,6,93.0,0.0,0.0,0.0
10,7,93.0,0.0,0.0,0.0
10,8,93.0,0.0,0.0,0.0
10,9,93.0,0.0,0.0,0.0
10,10,93.0,0.0,0.0,0.0
10,11,93.0,0.0,0.0,0.0
10,12,93.0,0.0,0.0,0.0
10,13,93.0,0.0,0.0,0.0
10,14,93.0,0.0,0.0,0.0
10,15,93.0,0.0,0.0,0.0
10,16,93.0,0.0,0.0,0.0
10,17,93.0,0.0,0.0,0.0
10,18,93.0,0.0,0.0,0.0
10,19,93.0,0.0,0.0,0.0
10,20,93.0,0.0,0.0,0.0
10,21,93.0,0.0,0.0,0.0
10,22,93.0,0.0,0.0,0.0
10,23,93.0,0.0,0.0,0.0
10,24,93.0,0.0,0.0,0.0
10,25,93.0,0.0,0.0,0.0
10,26,93.0,0.0,0.0,0.0
10,27,93.0,0.0,0.0,0.0
10,28,93.0,0.0,0.0,0.0
10,29,93.0,0.0,0.0,0.0
10,30,92.96364559065779,0.0,0.0,0.0
10,31,92.9272911813156,0.0,0.0,0.0
10,32,92.91727278964579,10.212806274304867,3.3657416057128557,0.01
10,33,92.69111729984094,0.0,3.3657416057128557,0.0
10,34,92.38920654196602,0.0,3.3657416057128557,0.0
10,35,92.25351477564662,14.690535343605884,7.57102786548873,0.02
10,36,91.92320473301527,0.0,7.57102786548873,0.0
10,37,91.24813881787115,7.505968140407808,9.732865485639877,0.01
10,38,90.54553201272267,46.22894093540077,17.398983443488,0.04
10,39,89.71861290605048,25.211351492232566,27.126679530374403,0.03
10,40,89.25300654183494,58.37542250492541,56.63286355132533,0.06
10,41,88.5473457918202,34.58856770433526,70.11417320861173,0.04
10,42,88.05339961475941,45.179315761247906,84.90155836946448,0.05
10,43,87.62304757426207,17.493768649679048,81.9947318325705,0.02
10,44,87.33202976302499,12.475595450956991,85.61085985867828,0.01
10,45,87.42074583312643,17.697700850643134,102.08543123137798,0.02
10,46,87.81894043047112,17.217409945676252,105.87367665796907,0.02
10,47,87.95792929974749,5.719282331757479,105.87367665796907,0.01
10,48,87.88661078822321,5.719282331757479,100.15439432621159,0.01
10,49,87.81144866952147,0.0,100.15439432621159,0.0
10,50,87.73628655081973,0.0,100.15439432621159,0.0
10,51,87.64200953218423,0.0,100.15439432621159,0.0
10,52,87.6968989302735,9.738372307842557,119.6311389418967,0.01
10,53,87.59116215750436,9.738372307842557,118.19491012938079,0.01
10,54,87.42366655849295,7.088837112758563,110.50516368564811,0.01
10,55,87.8204697014273,29.913361790129827,156.8439561843088,0.03
10,56,87.82545169261067,5.592723192303075,128.7830479853314,0.01
10,57,87.69695234117857,5.592723192303075,128.7830479853314,0.01
10,58,88.08581909118949,35.08789806698381,180.14461934607476,0.04
10,59,88.16562667278609,36.061589758649106,183.6442972013806,0.05
10,60,88.25340319806926,45.53747085785126,181.1520227212563,0.06
10,61,88.17772174177722,22.532782415654992,167.32527579961985,0.03
10,62,87.96047692104983,13.796989025960507,161.2653895250495,0.01
10,63,88.23437337401043,41.97002061385771,213.53387190825697,0.04
10,64,88.59173770284757,51.6515019138065,254.87661020233423,0.06
10,65,88.71781326169992,43.14006322225889,255.1579534805735,0.05
10,66,89.12434573614395,63.455438874064185,287.46108444272807,0.07
10,67,89.49144973082304,47.39502046373413,304.7602979480253,0.05
10,68,89.34670751789955,40.58417990056274,287.9117580704178,0.04
10,69,89.68214867062848,64.90324703785154,340.8773544626825,0.06
10,70,90.26974005337608,97.3681001565845,417.12523317971016,0.09
10,71,90.31932301444505,84.80374543002556,390.1418567631835,0.1
10,72,90.90086588088008,78.02529011266316,430.81949622070465,0.09
11,0,100.0,,,
11,1,93.4671981096606,351.3910424247784,11.202127891283258,0.35
11,2,93.5,11.202127891283258,0.0,0.02
11,3,93.5,0.0,0.0,0.0
11,4,93.5,0.0,0.0,0.0
11,5,93.5,0.0,0.0,0.0
11,6,93.5,0.0,0.0,0.0
11,7,93.5,0.0,0.0,0.0
11,8,93.5,0.0,0.0,0.0
11,9,93.5,0.0,0.0,0.0
11,10,93.5,0.0,0.0,0.0
11,11,93.5,0.0,0.0,0.0
11,12,93.5,0.0,0.0,0.0
11,13,93.5,0.0,0.0,0.0
11,14,93.5,0.0,0.0,0.0
11,15,93.5,0.0,0.0,0.0
11,16,93.5,0.0,0.0,0.0
11,17,93.5,0.0,0.0,0.0
11,18,93.5,0.0,0.0,0.0
11,19,93.5,0.0,0.0,0.0
11,20,93.5,0.0,0.0,0.0
11,21,93.5,0.0,0.0,0.0
11,22,93.5,0.0,0.0,0.0
11,23,93.5,0.0,0.0,0.0
11,24,93.5,0.0,0.0,0.0
11,25,93.5,0.0,0.0,0.0
11,26,93.5,0.0,0.0,0.0
11,27,93.5,0.0,0.0,0.0
11,28,93.5,0.0,0.0,0.0
11,29,93.5,0.0,0.0,0.0
11,30,93.5,0.0,0.0,0.0
11,31,93.43342102364504,0.0,0.0,0.0
11,32,93.33932761222346,0.0,0.0,0.0
11,33,93.0386887140151,7.5796151616549885,2.5198140574443215,0.01
11,34,92.8215950366536,9.462646111150562,4.645945254991091,0.01
11,35,92.55893331255443,13.73499968529084,8.85969286223704,0.02
11,36,92.33150996197601,33.21474979569864,21.989291237515516,0.03
11,37,91.89778923711499,24.705485057467854,25.754564842073172,0.02
11,38,91.17404128810942,9.076710328687518,27.71207342315966,0.01
11,39,90.9506743013938,30.68417224441186,51.28975324862573,0.03
11,40,90.52924377935045,39.14720177184889,52.86687330575485,0.04
11,41,89.86770640434732,38.27785065248532,59.28440682479367,0.03
11,42,89.51687913949168,67.67660389124352,84.38738070584529,0.07
11,43,88.96725411982264,24.059582562649915,89.54168633336764,0.03
11,44,88.8665412068668,30.493888357347565,98.42937177771132,0.03
11,45,88.62470020223708,0.0,98.42937177771132,0.0
11,46,88.90844338191815,22.353969791728872,135.15771317320224,0.02
11,47,88.94295862245812,22.353969791728872,123.44918742588078,0.02
11,48,88.91226368977699,8.036264125841292,123.44918742588078,0.01
11,49,88.8657397625742,8.036264125841292,115.4129233000395,0.01
11,50,88.75844558378004,0.0,115.4129233000395,0.0
11,51,88.83907460644441,12.08074311839985,138.94879255039834,0.01
11,52,88.89538454728854,12.08074311839985,126.86804943199849,0.01
11,53,89.1082932411328,6.5056342857404905,137.9570810663454,0.01
11,54,89.26990741264652,6.5056342857404905,137.9570810663454,0.01
11,55,89.36347665055881,8.496480925347301,145.9245945738552,0.01
11,56,89.2956996892678,8.496480925347301,142.62715313229927,0.01
11,57,89.30716833630566,14.889835545363532,142.66593082842965,0.02
11,58,89.55391610213432,39.11567108723762,172.84748336554992,0.04
11,59,89.56401085192587,16.772866494859105,161.68685494074612,0.02
11,60,89.52117233543645,25.887958958773627,169.26361103743605,0.02
11,61,89.38450005812103,38.44048474275869,161.86675622494366,0.04
11,62,89.47738724749617,49.360624291742624,199.5266489686493,0.05
11,63,89.64466721014482,50.07926557040783,232.66625487408072,0.05
11,64,89.54944296736669,47.46318442316006,276.4392852615463,0.05
11,65,90.7359019538661,103.51719451352477,345.5340802171887,0.1
11,66,91.51220658482629,85.37309341202845,390.35160547262217,0.08
11,67,91.42340719129267,49.50091499865265,366.7529457843067,0.05
11,68,91.77332668844552,60.577674263138704,377.5962772033348,0.06
11,69,91.79485368534948,44.42821069258916,399.6257048617863,0.05
11,70,91.6087526659799,21.022969906893874,380.66338218730925,0.02
11,71,92.0742952676502,56.776832598786726,455.2170838341442,0.06
11,72,92.21668896752945,52.23412264094897,455.4892231644068,0.06
12,0,100.0,,,
12,1,93.81352604151743,382.42110398101465,48.42506807584482,0.39
12,2,93.9,48.42506807584482,0.0,0.08
12,3,93.9,0.0,0.0,0.0
12,4,93.9,0.0,0.0,0.0
12,5,93.9,0.0,0.0,0.0
12,6,93.9,0.0,0.0,0.0
12,7,93.9,0.0,0.0,0.0
12,8,93.9,0.0,0.0,0.0
12,9,93.9,0.0,0.0,0.0
12,10,93.9,0.0,0.0,0.0
12,11,93.9,0.0,0.0,0.0
12,12,93.9,0.0,0.0,0.0
12,13,93.9,0.0,0.0,0.0
12,14,93.9,0.0,0.0,0.0
12,15,93.9,0.0,0.0,0.0
12,16,93.9,0.0,0.0,0.0
12,17,93.9,0.0,0.0,0.0
12,18,93.9,0.0,0.0,0.0
12,19,93.9,0.0,0.0,0.0
12,20,93.9,0.0,0.0,0.0
12,21,93.9,0.0,0.0,0.0
12,22,93.9,0.0,0.0,0.0
12,23,93.9,0.0,0.0,0.0
12,24,93.9,0.0,0.0,0.0
12,25,93.9,0.0,0.0,0.0
12,26,93.9,0.0,0.0,0.0
12,27,93.9,0.0,0.0,0.0
12,28,93.9,0.0,0.0,0.0
12,29,93.9,0.0,0.0,0.0
12,30,93.9,0.0,0.0,0.0
12,31,93.81776537091919,0.0,0.0,0.0
12,32,93.78986184525138,8.624963396355149,2.2058720456346492,0.01
12,33,93.63165932567223,0.0,2.2058720456346492,0.0
12,34,93.42835310026116,0.0,2.2058720456346492,0.0
12,35,93.11485703114197,13.74269023355686,3.8751349452444828,0.01
12,36,92.75536286119234,13.404763971793036,5.844517760460228,0.01
12,37,92.31257636026788,35.513905244158636,13.271846252558028,0.03
12,38,91.91531459659845,25.739726499828294,29.122165018480953,0.02
12,39,91.00211711589725,6.745533643476042,31.17296778788271,0.01
12,40,90.47158666303552,53.124906429821195,48.6845312826635,0.06
12,41,89.7126510788894,40.72715532204629,71.2960561805198,0.06
12,42,89.00969341495838,26.630062909489162,74.41704400236712,0.04
12,43,88.92887560663635,89.13040365496214,111.95946612881248,0.08
12,44,89.27439412521015,51.34765286944292,145.70275991955862,0.05
12,45,89.39032798188762,25.922776197572283,153.59024796976587,0.03
12,46,89.56072892817147,16.573305180540657,145.46135328145093,0.02
12,47,89.65042477611632,20.613285344915163,147.42499866792548,0.02
12,48,89.80542354105573,12.369653441845617,170.4298637199194,0.01
12,49,89.82725737057807,12.369653441845617,158.06021027807378,0.01
12,50,89.80779340884203,0.0,158.06021027807378,0.0
12,51,89.75795421458471,0.0,158.06021027807378,0.0
12,52,89.7081150203274,0.0,158.06021027807378,0.0
12,53,89.68865105859136,0.0,158.06021027807378,0.0
12,54,89.66918709685532,0.0,158.06021027807378,0.0
12,55,89.6216116704926,0.0,158.06021027807378,0.0
12,56,89.45899604464388,0.0,156.32968229637513,0.0
12,57,89.42904860181935,24.866741109827217,179.68265830272605,0.02
12,58,89.7306662674769,28.19518028283252,199.75032707166244,0.03
12,59,89.59913802366185,5.6520875609002275,186.24224629333992,0.01
12,60,89.96555602064969,43.577890372210106,239.74519274136543,0.04
12,61,90.07932970999667,36.01502965178904,263.4145515155881,0.03
12,62,90.15328177687283,24.262176790197536,243.3823349725097,0.03
12,63,90.07566743438547,22.381572817417087,240.48690175502296,0.03
12,64,90.23574563184634,51.236347332715866,291.19829539907596,0.05
12,65,90.67695255367096,66.48116531313588,312.7201436006328,0.07
12,66,90.45083897052159,38.04674034773632,286.81780677336394,0.05
12,67,90.2308401977983,42.86643731114425,294.94168394115354,0.06
12,68,90.38315109072092,77.21344303869618,307.8796798685174,0.08
12,69,90.64636338315964,81.26238336735548,361.8725320270984,0.09
12,70,90.703650116822,65.33299500216484,386.33831085010286,0.06
12,71,90.99635767288781,44.74597454490629,384.39358923155635,0.05
12,72,90.69019482448564,18.192426726525195,381.74783959463355,0.02
13,0,100.0,,,
13,1,93.87002389788458,399.8159392974208,11.626876340213766,0.39
13,2,93.9,11.626876340213766,0.0,0.02
13,3,93.9,0.0,0.0,0.0
13,4,93.9,0.0,0.0,0.0
13,5,93.9,0.0,0.0,0.0
13,6,93.9,0.0,0.0,0.0
13,7,93.9,0.0,0.0,0.0
13,8,93.9,0.0,0.0,0.0
13,9,93.9,0.0,0.0,0.0
13,10,93.9,0.0,0.0,0.0
13,11,93.9,0.0,0.0,0.0
13,12,93.9,0.0,0.0,0.0
13,13,93.9,0.0,0.0,0.0
13,14,93.9,0.0,0.0,0.0
13,15,93.9,0.0,0.0,0.0
13,16,93.9,0.0,0.0,0.0
13,17,93.9,0.0,0.0,0.0
13,18,93.9,0.0,0.0,0.0
13,19,93.9,0.0,0.0,0.0
13,20,93.9,0.0,0.0,0.0
13,21,93.9,0.0,0.0,0.0
13,22,93.9,0.0,0.0,0.0
13,23,93.9,0.0,0.0,0.0
13,24,93.9,0.0,0.0,0.0
13,25,93.9,0.0,0.0,0.0
13,26,93.9,0.0,0.0,0.0
13,27,93.9,0.0,0.0,0.0
13,28,93.9,0.0,0.0,0.0
13,29,93.9,0.0,0.0,0.0
13,30,93.9,0.0,0.0,0.0
13,31,93.7723496068707,0.0,0.0,0.0
13,32,93.53454576966818,0.0,0.0,0.0
13,33,93.35155730652944,10.07650443639907,1.3042733035639316,0.01
13,34,93.06344551224076,0.0,1.3042733035639316,0.0
13,35,92.76253394745787,0.0,1.3042733035639316,0.0
13,36,92.46969741104418,10.26859684027437,3.958710364751383,0.01
13,37,91.80743568469296,0.0,3.958710364751383,0.0
13,38,91.31442963162617,43.81264122430396,15.150759732326854,0.04
13,39,90.83468621877711,56.90259405516836,29.148775206265675,0.05
13,40,90.11782348148142,50.999302259642405,43.38861579756865,0.05
13,41,89.25535296674649,27.1004451767014,54.092755948173924,0.02
13,42,88.77919748155983,73.38388016309287,74.5863573796531,0.08
13,43,88.59335597306928,66.1607741287009,102.59363471996453,0.06
13,44,88.83128225619856,44.645076382850846,134.53342666466156,0.05
13,45,88.66711094532324,17.741450362227088,119.6260020173077,0.02
13,46,88.54728717465294,12.70131691589659,125.99704505234682,0.01
13,47,88.5326733116114,6.9904192941077135,139.97788364056223,0.01
13,48,88.78461007951633,15.075080640493818,154.27873179370377,0.02
13,49,88.93088447706936,15.075080640493818,147.28831249959606,0.02
13,50,88.94716891654889,8.084661346386104,139.20365115320996,0.01
13,51,88.94716891654889,0.0,139.20365115320996,0.0
13,52,88.91240451715325,0.0,139.20365115320996,0.0
13,53,89.0194430182559,6.329786353228288,151.86322385966653,0.01
13,54,88.98978954909269,6.329786353228288,148.56204105297633,0.01
13,55,89.06014297149295,13.056018094893659,162.26550618807497,0.01
13,56,88.85573922751487,0.0,145.66367519528012,0.0
13,57,89.29230479381832,35.36577226985442,186.63570682611004,0.03
13,58,89.36207715174284,11.442201138747695,183.20847116961406,0.01
13,59,89.43134585804587,35.79749208542242,193.02603932137902,0.03
13,60,89.51735754364499,26.8593452345496,205.28013155701757,0.03
13,61,89.49632043310078,23.84305331240813,208.2066022830424,0.03
13,62,89.67257720957059,80.74172508534518,200.63745705605476,0.07
13,63,89.35652008416169,21.95681945082065,195.66212275283056,0.02
13,64,89.43806538020634,37.02000769314347,218.36374298332203,0.04
13,65,89.48600904054919,32.81025120892158,252.2042245766152,0.03
13,66,89.48175456820722,62.527964528429465,270.84177307832005,0.07
13,67,90.20425110741279,94.28531309034881,342.4841290598859,0.1
13,68,90.07131178361618,51.19127273775796,326.7633253869412,0.04
13,69,90.10252876071196,41.37967357986642,319.3187030015074,0.04
13,70,90.6132680994986,61.48353628677053,378.35094987477385,0.06
13,71,91.37126229909747,99.87333393654974,447.34602620702015,0.08
13,72,91.49099581431769,70.92765667217877,421.45704877463044,0.06
14,0,100.0,,,
14,1,94.1472757549693,401.593649588779,22.600458898598802,0.42
14,2,94.2,22.600458898598802,0.0,0.04
14,3,94.2,0.0,0.0,0.0
14,4,94.2,0.0,0.0,0.0
14,5,94.2,0.0,0.0,0.0
14,6,94.2,0.0,0.0,0.0
14,7,94.2,0.0,0.0,0.0
14,8,94.2,0.0,0.0,0.0
14,9,94.2,0.0,0.0,0.0
14,10,94.2,0.0,0.0,0.0
14,11,94.2,0.0,0.0,0.0
14,12,94.2,0.0,0.0,0.0
14,13,94.2,0.0,0.0,0.0
14,14,94.2,0.0,0.0,0.0
14,15,94.2,0.0,0.0,0.0
14,16,94.2,0.0,0.0,0.0
14,17,94.2,0.0,0.0,0.0
14,18,94.2,0.0,0.0,0.0
14,19,94.2,0.0,0.0,0.0
14,20,94.2,0.0,0.0,0.0
14,21,94.2,0.0,0.0,0.0
14,22,94.2,0.0,0.0,0.0
14,23,94.2,0.0,0.0,0.0
14,24,94.2,0.0,0.0,0.0
14,25,94.2,0.0,0.0,0.0
14,26,94.2,0.0,0.0,0.0
14,27,94.2,0.0,0.0,0.0
14,28,94.2,0.0,0.0,0.0
14,29,94.2,0.0,0.0,0.0
14,30,94.17510446087876,0.0,0.0,0.0
14,31,94.15461435160353,7.3259065378217265,1.7853081868688605,0.01
14,32,94.03008135184679,0.0,1.7853081868688605,0.0
14,33,93.9892778918974,14.605440179491199,3.621647669475202,0.01
14,34,93.62574130809463,0.0,3.621647669475202,0.0
14,35,93.39348960312087,15.328118791108686,11.488577607873498,0.02
14,36,92.95398298483782,40.141147444138355,23.155598750204344,0.04
14,37,92.51604916476255,29.846505159229828,34.83912538844827,0.03
14,38,91.66699118568094,22.17353663438027,42.33633263740023,0.02
14,39,91.03435229466483,37.601523440898966,54.41054216309516,0.04
14,40,90.82855016374288,63.01232899463339,74.89586248820909,0.06
14,41,90.17833388973966,27.609681912569954,89.77495522203034,0.04
14,42,89.43610980670148,26.199523284417115,93.475347431444,0.03
14,43,89.21798519981009,39.237613370722755,119.8491538108821,0.05
14,44,89.15644046663057,49.29184217995078,126.84216649266325,0.04
14,45,89.0682847559792,11.259295228643596,131.06684271816863,0.01
14,46,89.04519649248016,5.890338384418067,142.84751948700477,0.01
14,47,89.22371314930957,14.662521460679827,145.20946271817508,0.02
14,48,89.14599152503057,0.0,145.20946271817508,0.0
14,49,89.06826990075156,0.0,145.20946271817508,0.0
14,50,89.15147749030467,9.573151775331684,164.3557662688384,0.01
14,51,89.30614125820537,16.943372043084043,167.03140522725084,0.02
14,52,89.37546454634101,7.370220267752359,168.45589828773768,0.01
14,53,89.54083681599415,21.547482683991277,171.60163165049852,0.02
14,54,89.56785430670702,7.370220267752359,161.9598804962937,0.01
14,55,89.50144480255875,7.475123793026691,164.23141138274616,0.01
14,56,89.57554345718025,14.761785672054863,188.83495625549392,0.01
14,57,89.57704454343039,10.79873698971215,175.53080406208056,0.01
14,58,89.42083175382601,0.0,168.6274602969484,0.0
14,59,89.08645248924665,7.444365120992323,163.06691157254386,0.01
14,60,88.70766225702177,8.052179229239336,159.04781436421092,0.01
14,61,88.41887926859818,35.414072607875624,170.846259265218,0.03
14,62,89.43057966732705,111.03644090014295,271.22752159176815,0.11
14,63,90.29502196913802,68.46399365174568,249.18684362611708,0.06
14,64,90.20250797389343,27.21302622009368,228.38596091608625,0.03
14,65,90.48603527777473,80.64110185004819,301.0650339624036,0.07
14,66,91.38570323710088,93.34501457691826,383.0640150983685,0.1
14,67,91.02870764859126,27.000533100341762,330.4716332963878,0.03
14,68,90.91727495914326,37.40822430923805,316.44404936955675,0.04
14,69,91.04536716911156,31.40479814416318,352.4536224975599,0.04
14,70,91.05473582789902,41.86691231615264,367.439495243122,0.05
14,71,91.50859310058499,78.44355357448475,402.5968934445946,0.08
14,72,92.05857391903761,50.1084816979006,423.7992983927144,0.05
15,0,100.0,,,
15,1,93.30154178594988,344.7027888091718,30.94425829436271,0.34
15,2,93.4,30.94425829436271,0.0,0.05
15,3,93.4,0.0,0.0,0.0
15,4,93.4,0.0,0.0,0.0
15,5,93.4,0.0,0.0,0.0
15,6,93.4,0.0,0.0,0.0
15,7,93.4,0.0,0.0,0.0
15,8,93.4,0.0,0.0,0.0
15,9,93.4,0.0,0.0,0.0
15,10,93.4,0.0,0.0,0.0
15,11,93.4,0.0,0.0,0.0
15,12,93.4,0.0,0.0,0.0
15,13,93.4,0.0,0.0,0.0
15,14,93.4,0.0,0.0,0.0
15,15,93.4,0.0,0.0,0.0
15,16,93.4,0.0,0.0,0.0
15,17,93.4,0.0,0.0,0.0
15,18,93.4,0.0,0.0,0.0
15,19,93.4,0.0,0.0,0.0
15,20,93.4,0.0,0.0,0.0
15,21,93.4,0.0,0.0,0.0
15,22,93.4,0.0,0.0,0.0
15,23,93.4,0.0,0.0,0.0
15,24,93.4,0.0,0.0,0.0
15,25,93.4,0.0,0.0,0.0
15,26,93.4,0.0,0.0,0.0
15,27,93.4,0.0,0.0,0.0
15,28,93.4,0.0,0.0,0.0
15,29,93.4,0.0,0.0,0.0
15,30,93.34485631099848,0.0,0.0,0.0
15,31,93.24898568707918,0.0,0.0,0.0
15,32,93.09198656182092,14.93603626062502,3.570624610311768,0.01
15,33,92.85161685778341,16.044412444116677,7.615653067996085,0.02
15,34,92.74946611104697,7.529396039511572,9.755406340833424,0.01
15,35,92.20002053572536,0.0,9.755406340833424,0.0
15,36,91.81814727307182,29.202931841936085,20.109056894466207,0.03
15,37,91.38961476125803,21.44360157851808,27.19382428688636,0.02
15,38,90.66705981341705,0.0,27.19382428688636,0.0
15,39,90.04880112402857,45.68447071091809,38.833227817479596,0.04
15,40,89.20458453452139,22.243039361977438,44.922749891196275,0.03
15,41,88.52217966968459,32.898633816038995,53.36620022967986,0.03
15,42,87.80169236972318,36.267815867951455,64.8804426458647,0.03
15,43,87.65674915526502,62.89510716399135,99.81851577860888,0.07
15,44,87.60256889025796,40.02207236029167,119.49931691645075,0.04
15,45,87.40993657953524,9.834218235174633,110.44328707486346,0.01
15,46,87.22954823088375,0.0,110.44328707486346,0.0
15,47,87.04915988223227,0.0,110.44328707486346,0.0
15,48,87.04744076410883,10.381245073727639,129.50396904689364,0.01
15,49,87.09313799593076,16.064201314510083,130.48863645473088,0.02
15,50,87.05244884000415,5.682956240782444,136.17159269551334,0.01
15,51,87.50103972860103,25.520899211601535,170.90791409883354,0.03
15,52,88.05024138307071,31.026719481627946,176.77584201649626,0.03
15,53,87.91824785908055,0.0,149.04804058954736,0.0
15,54,87.70259058404734,0.0,145.4663380274107,0.0
15,55,88.00287235933833,41.34075146603681,195.02099172958435,0.03
15,56,88.05408132333807,16.659182552035332,182.72910865126607,0.02
15,57,87.89863467323113,8.602985927913592,178.53005450628768,0.01
15,58,87.7962781751333,11.205887717074615,171.89172583415387,0.01
15,59,87.71216269328117,26.90946208807245,175.63850685919397,0.02
15,60,87.6294796630864,27.242881534135673,185.24177901639672,0.03
15,61,87.55394185997766,23.35329349563783,200.32425054297588,0.03
15,62,87.33211615105458,32.37415029390536,189.88288590766962,0.03
15,63,87.30175923672446,35.199118739509,219.18190444549867,0.04
15,64,87.76186315568226,55.023112380096535,257.2855173297142,0.06
15,65,87.7551106572383,29.203548967042448,260.3025448199431,0.04
15,66,87.73731708837771,52.31028294588458,271.15873842049956,0.06
15,67,88.32846305685842,62.75482828963598,309.2491707505226,0.07
15,68,88.4897168739969,44.04564551473848,301.69256095679793,0.06
15,69,88.75716491370474,42.933553777000114,325.95871906732754,0.05
15,70,88.87947011319939,65.29592890623447,332.1376853901971,0.07
15,71,89.03319321706789,30.145474932313164,327.4232086981623,0.04
15,72,89.04297967749818,40.93383360740211,340.84985336768403,0.04
16,0,100.0,,,
16,1,93.52597576794419,362.66450460252724,37.06352340458969,0.36
16,2,93.6,37.06352340458969,0.0,0.06
16,3,93.6,0.0,0.0,0.0
16,4,93.6,0.0,0.0,0.0
16,5,93.6,0.0,0.0,0.0
16,6,93.6,0.0,0.0,0.0
16,7,93.6,0.0,0.0,0.0
16,8,93.6,0.0,0.0,0.0
16,9,93.6,0.0,0.0,0.0
16,10,93.6,0.0,0.0,0.0
16,11,93.6,0.0,0.0,0.0
16,12,93.6,0.0,0.0,0.0
16,13,93.6,0.0,0.0,0.0
16,14,93.6,0.0,0.0,0.0
16,15,93.6,0.0,0.0,0.0
16,16,93.6,0.0,0.0,0.0
16,17,93.6,0.0,0.0,0.0
16,18,93.6,0.0,0.0,0.0
16,19,93.6,0.0,0.0,0.0
16,20,93.6,0.0,0.0,0.0
16,21,93.6,0.0,0.0,0.0
16,22,93.6,0.0,0.0,0.0
16,23,93.6,0.0,0.0,0.0
16,24,93.6,0.0,0.0,0.0
16,25,93.6,0.0,0.0,0.0
16,26,93.6,0.0,0.0,0.0
16,27,93.6,0.0,0.0,0.0
16,28,93.6,0.0,0.0,0.0
16,29,93.6,0.0,0.0,0.0
16,30,93.6,0.0,0.0,0.0
16,31,93.57709689034397,0.0,0.0,0.0
16,32,93.32934456797766,0.0,0.0,0.0
16,33,93.07708827413498,0.0,0.0,0.0
16,34,93.04336369810892,30.428935092493795,13.525835870958886,0.03
16,35,92.8424891220461,9.656238581722997,19.1918433359224,0.01
16,36,92.47547404363848,6.924770040044271,24.535938523129516,0.01
16,37,92.41822934625297,50.55623426648668,36.35954066298612,0.05
16,38,91.70295782919052,8.748030428584386,38.21593828708845,0.01
16,39,90.93595285739625,21.212967425560144,43.947074089214006,0.02
16,40,90.26020503257115,59.016524074016374,65.95649241913293,0.06
16,41,89.62791860198521,34.81171680799894,75.0473945667896,0.04
16,42,89.10330613294826,47.48580580895421,86.37167473384142,0.04
16,43,88.81890331765699,54.67993117891323,100.61504899741861,0.05
16,44,88.54837751593578,11.358654164767538,111.1702670154226,0.01
16,45,88.41744783995955,9.005736416022957,117.47934345457536,0.01
16,46,88.33620049913493,5.438975978278343,128.35729541113204,0.01
16,47,88.45207000682207,18.778960316961708,149.96317120207613,0.02
16,48,88.41722432564022,13.339984338683365,136.62318686339276,0.01
16,49,88.36142012566482,0.0,136.62318686339276,0.0
16,50,88.30561592568945,0.0,136.62318686339276,0.0
16,51,88.22675302665006,0.0,136.62318686339276,0.0
16,52,88.08191303342275,0.0,132.66387951202768,0.0
16,53,88.04600046494325,22.118950462347296,136.62318686339276,0.02
16,54,88.09295873119301,7.49698062875356,147.51378718141157,0.01
16,55,88.1235854465638,22.08710353303199,173.7554355623276,0.02
16,56,88.05012233033142,6.880892903927501,150.03191538290193,0.01
16,57,87.85545601262562,0.0,144.36590791793842,0.0
16,58,87.80896774432294,11.272305587019028,158.7825205226997,0.01
16,59,87.70169878182983,6.924770040044271,152.8543101228878,0.01
16,60,88.38971251321242,55.61793762215884,233.43333125985424,0.05
16,61,89.04488199335701,79.06732783236313,270.7278546977066,0.07
16,62,89.07017212742474,27.60341618656764,228.30324150115143,0.03
16,63,89.1765821498458,74.35501299499487,229.47639225076597,0.06
16,64,89.58927279266337,68.19714873636974,268.79531538883657,0.07
16,65,89.73477616137806,56.77005501132247,249.98646050325738,0.05
16,66,89.54805310316995,12.440300125962944,250.82109536506206,0.02
16,67,89.34043885476657,24.15881800937501,256.62649464869605,0.03
16,68,89.18895502690708,26.183716527122787,264.9340289651891,0.04
16,69,89.01923433603697,48.19752414225732,301.83834017749314,0.04
16,70,89.13681893127206,61.34782703460171,312.4440911371973,0.06
16,71,89.41842405100186,66.54989355393988,343.3634511900535,0.07
16,72,89.6337268780969,22.786431409105084,349.44648994286496,0.03
17,0,100.0,,,
17,1,93.67700512716112,400.2307694302583,19.649615687517333,0.37
17,2,93.7,19.649615687517333,0.0,0.03
17,3,93.7,0.0,0.0,0.0
17,4,93.7,0.0,0.0,0.0
17,5,93.7,0.0,0.0,0.0
17,6,93.7,0.0,0.0,0.0
17,7,93.7,0.0,0.0,0.0
17,8,93.7,0.0,0.0,0.0
17,9,93.7,0.0,0.0,0.0
17,10,93.7,0.0,0.0,0.0
17,11,93.7,0.0,0.0,0.0
17,12,93.7,0.0,0.0,0.0
17,13,93.7,0.0,0.0,0.0
17,14,93.7,0.0,0.0,0.0
17,15,93.7,0.0,0.0,0.0
17,16,93.7,0.0,0.0,0.0
17,17,93.7,0.0,0.0,0.0
17,18,93.7,0.0,0.0,0.0
17,19,93.7,0.0,0.0,0.0
17,20,93.7,0.0,0.0,0.0
17,21,93.7,0.0,0.0,0.0
17,22,93.7,0.0,0.0,0.0
17,23,93.7,0.0,0.0,0.0
17,24,93.7,0.0,0.0,0.0
17,25,93.7,0.0,0.0,0.0
17,26,93.7,0.0,0.0,0.0
17,27,93.7,0.0,0.0,0.0
17,28,93.7,0.0,0.0,0.0
17,29,93.7,0.0,0.0,0.0
17,30,93.7,0.0,0.0,0.0
17,31,93.67055834815001,0.0,0.0,0.0
17,32,93.475120484703,0.0,0.0,0.0
17,33,93.13724182309926,14.98241378993761,2.1668385443976064,0.01
17,34,92.84548715259183,20.54334580098773,7.739751918526203,0.02
17,35,92.88930053238853,42.79961382563062,21.402292713234843,0.04
17,36,92.69395039133242,41.28785258551476,29.99269894841178,0.04
17,37,92.40734222473,18.042916014591796,36.29847939941755,0.02
17,38,91.87815544325332,0.0,36.29847939941755,0.0
17,39,91.1868068212098,49.47150556163393,52.000310509636705,0.05
17,40,90.58413679188313,38.4705175455565,57.98378873172407,0.03
17,41,89.5521350457275,20.725260498841358,62.309361239015594,0.02
17,42,89.07861966736895,67.9790748126469,85.79287574639459,0.06
17,43,89.0067022212536,50.029860283617126,105.37110734192102,0.05
17,44,88.78881205191671,22.61862080565986,109.66235224497107,0.02
17,45,88.75622053452591,13.27978790564013,117.59520628707078,0.01
17,46,88.56034263349218,0.0,117.59520628707078,0.0
17,47,88.92946922453264,14.930254730446167,136.88140772124171,0.01
17,48,88.78446229606698,0.0,121.95115299079556,0.0
17,49,88.69533288777642,0.0,121.95115299079556,0.0
17,50,88.63452757462383,0.0,121.95115299079556,0.0
17,51,88.50110883306256,0.0,118.99241738754715,0.0
17,52,88.35478793543513,0.0,114.56442536892139,0.0
17,53,88.36006645299655,6.242458318277796,115.51285710127071,0.01
17,54,88.37161467722262,23.01518292691358,121.95115299079556,0.02
17,55,88.78046656463506,19.21877201686028,154.21119092920196,0.02
17,56,88.695390755034,10.03938478575436,141.55021362927525,0.01
17,57,88.90856775271419,19.745099263202064,163.70828358515746,0.02
17,58,88.92359124223047,27.917971129578767,160.61601840215195,0.03
17,59,89.00317510729492,24.520776922012924,175.57646051789175,0.02
17,60,88.8427360863262,11.133905305752275,169.026974140415,0.01
17,61,89.02746719465127,31.200453524725795,189.74276673907303,0.03
17,62,89.38296052157811,57.546162729557636,225.6306641086984,0.05
17,63,89.29887133687855,53.706134395397186,206.77870152865142,0.05
17,64,89.2079346344574,35.964828460287116,209.87519502799773,0.03
17,65,89.14897200611526,27.781399108612185,241.22192851185628,0.02
17,66,88.94175474263848,61.73635176209163,226.9823181361685,0.05
17,67,89.51191896704594,65.11548036288869,275.29337271181976,0.07
17,68,89.50908025716859,46.09560286629995,255.91009911722594,0.04
17,69,89.53626104580461,50.49597053813115,277.6468693485534,0.05
17,70,90.0041802448353,60.23283046724306,326.3641221249346,0.07
17,71,90.05569867897982,32.069140355319774,293.2944139533293,0.03
17,72,89.85439198979635,14.345011202362025,302.79891967198137,0.01
18,0,100.0,,,
18,1,92.4681989267248,250.25188507036765,19.813298786941232,0.25
18,2,92.5,19.813298786941232,0.0,0.03
18,3,92.5,0.0,0.0,0.0
18,4,92.5,0.0,0.0,0.0
18,5,92.5,0.0,0.0,0.0
18,6,92.5,0.0,0.0,0.0
18,7,92.5,0.0,0.0,0.0
18,8,92.5,0.0,0.0,0.0
18,9,92.5,0.0,0.0,0.0
18,10,92.5,0.0,0.0,0.0
18,11,92.5,0.0,0.0,0.0
18,12,92.5,0.0,0.0,0.0
18,13,92.5,0.0,0.0,0.0
18,14,92.5,0.0,0.0,0.0
18,15,92.5,0.0,0.0,0.0
18,16,92.5,0.0,0.0,0.0
18,17,92.5,0.0,0.0,0.0
18,18,92.5,0.0,0.0,0.0
18,19,92.5,0.0,0.0,0.0
18,20,92.5,0.0,0.0,0.0
18,21,92.5,0.0,0.0,0.0
18,22,92.5,0.0,0.0,0.0
18,23,92.5,0.0,0.0,0.0
18,24,92.5,0.0,0.0,0.0
18,25,92.5,0.0,0.0,0.0
18,26,92.5,0.0,0.0,0.0
18,27,92.5,0.0,0.0,0.0
18,28,92.5,0.0,0.0,0.0
18,29,92.5,0.0,0.0,0.0
18,30,92.5,0.0,0.0,0.0
18,31,92.41273483646955,0.0,0.0,0.0
18,32,92.16622247928827,0.0,0.0,0.0
18,33,91.88773960107883,0.0,0.0,0.0
18,34,91.72097397645673,26.73819352704487,5.909287289641561,0.02
18,35,91.4747437572805,8.952827272737682,8.7749517152184,0.01
18,36,90.9539307279586,10.194910912205243,10.996264674294189,0.01
18,37,90.24115738252159,6.87037226278716,13.131316091496295,0.01
18,38,89.65055249323646,5.581600404801261,15.41236660351047,0.01
18,39,88.89328288932289,23.66414855142703,23.88393149963897,0.03
18,40,88.08875179300821,9.944506248190809,25.682750816106,0.01
18,41,87.08215766481187,31.867083133599476,42.66348780048587,0.03
18,42,86.10178136130975,44.001029281156946,43.69542203668232,0.04
18,43,85.89976304010716,44.73738564306525,73.88483659859611,0.04
18,44,86.19704127872033,54.06003623283043,88.47955961324486,0.05
18,45,85.93983801099095,0.0,71.70431038495171,0.0
18,46,85.72483177995161,0.0,71.70431038495171,0.0
18,47,85.7775982284079,5.665660038997762,83.03563046294724,0.01
18,48,86.0540658792026,11.341767103924406,95.04266616546899,0.02
18,49,86.24221975106296,11.341767103924406,89.69644405552435,0.02
18,50,86.30785721960392,5.676107064926644,84.0203369905977,0.01
18,51,86.30785721960392,0.0,84.0203369905977,0.0
18,52,86.27155011048386,0.0,84.0203369905977,0.0
18,53,86.27155011048386,0.0,84.0203369905977,0.0
18,54,86.07588184326241,0.0,84.0203369905977,0.0
18,55,85.90355048756382,0.0,79.89906018525703,0.0
18,56,85.96417771768853,12.329783584490931,90.27392127541569,0.01
18,57,86.03432912238225,38.88049705980538,97.67492300953276,0.04
18,58,86.12435819937866,32.437982128753106,129.44175867213798,0.03
18,59,85.95320076819812,8.41486201967212,121.5066077001986,0.01
18,60,86.29123600595281,42.160556055846385,155.39339062495532,0.05
18,61,86.43105145030299,31.463425482649725,169.10984042794036,0.04
18,62,86.70869220289103,44.338306250441555,163.83615312766005,0.05
18,63,86.61326896863486,14.064962808907968,166.34659045419238,0.02
18,64,86.55705786734597,12.279887460035502,171.98783604953752,0.02
18,65,86.57822999996374,34.401158380680194,186.1015785383065,0.03
18,66,86.28631993710452,26.05400815947613,202.17169160376994,0.02
18,67,85.91337440897631,33.74476008773954,204.6982399949468,0.03
18,68,85.88318296129897,53.74262723403016,250.3999328052961,0.05
18,69,85.79335031902119,45.111876231616485,266.19211581733174,0.05
18,70,86.1248346805787,81.05579733335534,334.4087053761168,0.08
18,71,85.99873208228908,34.56637139716984,333.5744648909297,0.04
18,72,86.1874700416523,57.799814795772605,372.18399913223084,0.06
19,0,100.0,,,
19,1,93.5,359.22931446787544,0.0,0.35
19,2,93.5,0.0,0.0,0.0
19,3,93.5,0.0,0.0,0.0
19,4,93.5,0.0,0.0,0.0
19,5,93.5,0.0,0.0,0.0
19,6,93.5,0.0,0.0,0.0
19,7,93.5,0.0,0.0,0.0
19,8,93.5,0.0,0.0,0.0
19,9,93.5,0.0,0.0,0.0
19,10,93.5,0.0,0.0,0.0
19,11,93.5,0.0,0.0,0.0
19,12,93.5,0.0,0.0,0.0
19,13,93.5,0.0,0.0,0.0
19,14,93.5,0.0,0.0,0.0
19,15,93.5,0.0,0.0,0.0
19,16,93.5,0.0,0.0,0.0
19,17,93.5,0.0,0.0,0.0
19,18,93.5,0.0,0.0,0.0
19,19,93.5,0.0,0.0,0.0
19,20,93.5,0.0,0.0,0.0
19,21,93.5,0.0,0.0,0.0
19,22,93.5,0.0,0.0,0.0
19,23,93.5,0.0,0.0,0.0
19,24,93.5,0.0,0.0,0.0
19,25,93.5,0.0,0.0,0.0
19,26,93.5,0.0,0.0,0.0
19,27,93.5,0.0,0.0,0.0
19,28,93.5,0.0,0.0,0.0
19,29,93.5,0.0,0.0,0.0
19,30,93.44914507772489,0.0,0.0,0.0
19,31,93.30561155967895,9.282008225224445,1.3294164577376506,0.01
19,32,93.10946753186428,0.0,1.3294164577376506,0.0
19,33,92.83062410020096,0.0,1.3294164577376506,0.0
19,34,92.43440418207429,0.0,1.3294164577376506,0.0
19,35,92.2712022809015,8.597909328977282,5.6344781530586445,0.01
19,36,91.80009252367266,21.071839168476377,11.760152277172843,0.02
19,37,91.43407835498175,37.9176298767548,17.75301958368912,0.03
19,38,90.96517169332748,50.6538149999082,30.297137473673782,0.06
19,39,90.42819289692389,36.188474991290846,36.31451171913629,0.03
19,40,89.54969540949568,13.628412144605438,38.25451620630139,0.01
19,41,88.7435747066474,32.82915525319065,45.503417897542796,0.03
19,42,88.41718298062901,60.508558152321065,67.47753748748144,0.06
19,43,88.08556841818361,37.99838431289212,78.31250377013933,0.04
19,44,87.97565910509996,18.892801201540433,95.26503733126484,0.02
19,45,88.10292834650599,17.839375664710538,94.63591399674345,0.02
19,46,88.23234705081398,21.07086368501707,110.53651010086188,0.02
19,47,88.1387991249542,0.0,110.53651010086188,0.0
19,48,88.10104810487631,0.0,110.53651010086188,0.0
19,49,87.93763353227585,0.0,106.2314484055409,0.0
19,50,87.97395610079089,6.420270075548288,119.07198855663748,0.01
19,51,88.08356814944942,15.01817940452557,123.47689800630627,0.02
19,52,88.19055615496784,14.79447573995412,142.1525668327138,0.01
19,53,88.06283606115252,0.0,127.35809109275968,0.0
19,54,88.31469096394194,13.672234462299736,148.00698582016443,0.02
19,55,88.7178869906971,20.354115875401682,155.93482973655912,0.03
19,56,88.9689637913058,41.589331688651306,164.09238986126334,0.04
19,57,88.85741097133658,7.464240337888899,153.40393630252228,0.01
19,58,88.87439175093219,21.60376780019029,165.21899978832468,0.02
19,59,89.21729518645684,29.646364530281197,191.68432209234874,0.04
19,60,89.60610536480382,41.10467408104007,211.96521363646903,0.05
19,61,89.40182561469835,0.0,176.93992967308307,0.0
19,62,89.67342195067096,56.36635074544296,234.14003990909845,0.06
19,63,89.81598175128725,44.096166773889834,254.33716809167709,0.05
19,64,90.07527544653063,68.91008649480322,280.2029377430895,0.07
19,65,90.62442924613724,58.240903022986835,309.03119779996786,0.06
19,66,90.52792448109169,46.42493771361447,307.2628311582452,0.04
19,67,90.39936333992699,32.033604455808394,277.3613988244329,0.03
19,68,90.71981871044557,52.60642691344565,318.6304376226293,0.04
19,69,90.5798636332724,48.94510594535728,333.53851384395836,0.04
19,70,90.30519099122712,41.31911355920111,301.20075433637805,0.04
19,71,90.23006022836627,37.44537079036711,340.19203418427304,0.04
19,72,90.26723496246495,49.56788581906207,393.0886190326475,0.05
