GM_CODE,GM_NAAM,H2O,OAD,STED,BEV_DICHTH,AANT_INW,AANT_MAN,AANT_VROUW,P_00_14_JR,P_15_24_JR,P_25_44_JR,P_45_64_JR,P_65_EO_JR,P_ONGEHUWD,P_GEHUWD,P_GESCHEID,P_VERWEDUW,AANTAL_HH,P_EENP_HH,P_HH_Z_K,P_HH_M_K,GEM_HH_GR,P_WEST_AL,P_N_W_AL,P_MAROKKO,P_ANT_ARU,P_SURINAM,P_TURKIJE,P_OVER_NW,OPP_TOT,OPP_LAND,OPP_WATER,JRSTATCODE,JAAR,Shape_Leng,Shape_Area
GM0014,Groningen,NEE,"3312","1","1257","233273","116177","117096","12","21","30","22","15","66","24","7","4","136508","59","23","19",1.7000000000,"13","12","1","0","1","1","9","19796","18560","1236",2021GM0014,"2021",98454.0115190000,197960472.6599999964
GM0034,Almere,NEE,"1616","2","1662","214715","106523","108192","18","13","28","28","12","53","36","9","3","90426","32","25","43",2.3000000000,"11","34","4","0","12","2","16","24877","12919","11958",2021GM0034,"2021",77001.5606980000,139203837.1599999964
GM0037,Stadskanaal,NEE,"836","4","270","31754","15659","16095","14","11","20","30","26","41","43","9","8","14604","36","33","31",2.1000000000,"5","4","0","0","0","0","3","11994","11764","230",2021GM0037,"2021",64057.9482530000,119944106.0100000054
GM0047,Veendam,NEE,"1007","3","361","27417","13700","13717","15","11","21","30","23","43","41","9","6","12676","35","32","33",2.1000000000,"6","8","0","0","1","3","4","7868","7600","268",2021GM0047,"2021",39605.3186970000,78678839.2800000012
GM0050,Zeewolde,NEE,"822","4","93","22879","11662","11217","17","13","24","31","14","46","43","8","3","9720","31","30","39",2.3000000000,"12","6","0","0","1","0","4","26886","24723","2163",2021GM0050,"2021",98901.6632410000,252528289.2899999917
GM0059,Achtkarspelen,NEE,"429","5","273","27900","14217","13683","17","12","22","28","21","46","42","7","6","11845","31","32","38",2.3000000000,"2","2","0","0","0","0","2","10398","10223","175",2021GM0059,"2021",56246.8158740000,103980831.5300000012
GM0060,Ameland,NEE,"255","5","63","3746","1885","1861","15","11","23","27","24","47","42","6","6","1768","40","31","29",2.1000000000,"6","2","0","0","0","0","2","26850","5911","20939",2021GM0060,"2021",66541.3132570000,59907301.1560000032
GM0072,Harlingen,NEE,"1086","3","633","15807","7926","7881","14","11","20","29","26","44","40","10","6","7566","39","31","29",2.1000000000,"8","5","1","0","1","0","3","38767","2496","36271",2021GM0072,"2021",46423.7714930000,25835291.3770000003
GM0074,Heerenveen,NEE,"1092","3","266","50650","25207","25443","16","12","22","29","22","46","39","8","6","22960","36","31","33",2.2000000000,"6","7","1","0","1","1","4","19817","19009","808",2021GM0074,"2021",103700.6174500000,198165256.9000000060
GM0080,Leeuwarden,NEE,"2148","2","523","124481","61941","62540","15","15","26","26","19","54","32","9","5","63416","47","27","27",1.9000000000,"8","10","1","0","1","0","7","25506","23782","1724",2021GM0080,"2021",127164.7329400000,255057370.3300000131
GM0085,Ooststellingwerf,NEE,"482","5","114","25464","12770","12694","15","10","20","30","25","43","43","8","6","11308","33","35","32",2.2000000000,"4","3","0","0","0","0","2","22611","22342","269",2021GM0085,"2021",71812.5102140000,226112548.1800000072
GM0086,Opsterland,NEE,"412","5","133","29812","14954","14858","16","12","20","30","22","45","43","7","6","12616","31","34","36",2.3000000000,"4","3","0","0","0","0","3","22764","22440","324",2021GM0086,"2021",85238.0216910000,227641536.6599999964
GM0088,Schiermonnikoog,NEE,"317","5","23","931","481","450","9","10","18","33","30","41","41","11","6","536","53","29","18",1.7000000000,"8","3","0","0","0","0","2","20356","4076","16280",2021GM0088,"2021",87436.4331540000,41150250.3149999976
GM0090,Smallingerland,NEE,"1341","3","478","56040","27978","28062","16","12","23","28","22","47","40","8","5","25054","37","30","34",2.2000000000,"5","7","0","0","1","0","5","12617","11731","887",2021GM0090,"2021",62209.1625940000,126174966.1500000060
GM0093,Terschelling,NEE,"250","5","57","4870","2493","2377","11","15","20","29","24","48","38","8","6","2530","47","30","23",1.9000000000,"6","2","0","0","0","0","2","67399","8526","58873",2021GM0093,"2021",152600.6195800000,85874613.9220000058
GM0096,Vlieland,NEE,"213","5","31","1194","596","598","10","14","25","33","18","51","37","7","4","692","56","26","18",1.7000000000,"14","2","0","0","0","0","2","31580","3915","27665",2021GM0096,"2021",87948.2141850000,39796659.0649999976
GM0098,Weststellingwerf,NEE,"679","4","119","26130","13077","13053","15","11","21","29","24","43","43","7","7","11453","32","35","33",2.2000000000,"4","4","1","0","0","0","3","22845","22030","815",2021GM0098,"2021",85145.9048270000,228446186.8499999940
GM0106,Assen,NEE,"1582","2","841","68836","34078","34758","16","12","23","29","21","48","38","9","5","31693","39","29","32",2.1000000000,"8","9","1","0","1","1","7","8345","8189","157",2021GM0106,"2021",55122.9629250000,83452197.7769999951
GM0109,Coevorden,NEE,"498","5","119","35317","17626","17691","14","11","19","30","25","41","44","8","7","15559","32","35","33",2.2000000000,"5","4","0","0","0","1","3","29969","29607","362",2021GM0109,"2021",88672.4438420000,299690096.1100000143
GM0114,Emmen,NEE,"854","4","319","107024","53296","53728","14","11","21","30","24","43","41","9","7","48553","35","33","33",2.2000000000,"7","6","0","0","0","1","4","34626","33518","1107",2021GM0114,"2021",81438.8951580000,346259107.9300000072
GM0118,Hoogeveen,NEE,"1214","3","436","55603","27839","27764","16","12","23","27","22","45","41","8","6","24408","35","31","34",2.2000000000,"6","5","0","0","0","1","4","12925","12754","171",2021GM0118,"2021",64905.1718710000,129249620.2000000030
GM0119,Meppel,NEE,"1287","3","619","34386","16800","17586","16","12","23","28","20","46","40","9","5","15714","37","30","33",2.1000000000,"6","6","2","0","1","0","4","5703","5553","150",2021GM0119,"2021",53075.7836850000,57027703.8910000026
GM0141,Almelo,NEE,"1606","2","1087","73132","36643","36489","16","12","24","28","20","47","39","9","6","32878","37","28","35",2.2000000000,"11","16","1","0","0","8","7","6941","6727","214",2021GM0141,"2021",44126.1671650000,69406297.0849999934
GM0147,Borne,NEE,"1237","3","910","23668","11793","11875","17","11","23","27","22","44","44","6","5","9853","28","34","38",2.4000000000,"6","5","0","0","0","2","3","2616","2600","16",2021GM0147,"2021",25580.8125700000,26164536.5560000017
GM0148,Dalfsen,NEE,"511","4","175","28901","14603","14298","17","12","21","29","22","44","46","5","5","11790","27","34","38",2.4000000000,"3","3","0","0","0","0","2","16652","16507","144",2021GM0148,"2021",71075.4753970000,166518037.0900000036
GM0150,Deventer,NEE,"1830","2","775","101236","50032","51204","16","12","25","28","18","50","37","8","5","46890","39","28","33",2.1000000000,"9","13","0","0","1","7","6","13433","13068","365",2021GM0150,"2021",63492.2635190000,134334809.5200000107
GM0153,Enschede,NEE,"2187","2","1134","159732","81678","78054","14","16","26","26","18","53","33","8","5","79604","46","26","28",2.0000000000,"13","18","1","0","1","5","10","14272","14083","189",2021GM0153,"2021",53094.1161590000,142724067.0500000119
GM0158,Haaksbergen,NEE,"1044","3","231","24229","12155","12074","15","12","19","30","25","43","44","6","7","10247","29","34","36",2.3000000000,"7","6","0","0","0","3","3","10550","10482","68",2021GM0158,"2021",49645.4959210000,105499578.1299999952
GM0160,Hardenberg,NEE,"565","4","196","61357","31153","30204","17","13","23","28","19","45","44","6","5","24622","28","33","39",2.4000000000,"4","3","0","0","0","0","3","31715","31228","487",2021GM0160,"2021",122606.0270800000,317150453.4399999976
GM0163,Hellendoorn,NEE,"818","4","261","35932","17949","17983","16","12","22","28","23","43","45","6","6","14773","28","34","38",2.4000000000,"4","3","0","0","0","0","3","13899","13791","108",2021GM0163,"2021",67468.5487100000,138993335.1299999952
GM0164,Hengelo,NEE,"1845","2","1332","81049","40776","40273","15","12","24","28","20","48","38","8","5","38221","40","29","31",2.1000000000,"10","14","0","0","1","6","7","6183","6084","99",2021GM0164,"2021",47510.2559140000,61830563.2440000027
GM0166,Kampen,NEE,"1476","3","383","54474","27255","27219","19","13","25","25","17","46","44","6","4","22349","32","29","39",2.4000000000,"4","6","0","0","0","2","4","16179","14218","1961",2021GM0166,"2021",132330.4522900000,149448431.2400000095
GM0168,Losser,NEE,"747","4","232","22888","11513","11375","15","11","20","30","24","43","45","6","6","9482","27","35","37",2.4000000000,"11","4","0","0","0","1","3","9962","9876","86",2021GM0168,"2021",55326.1475640000,99621433.4570000023
GM0171,Noordoostpolder,NEE,"735","4","104","47583","24180","23403","18","12","25","27","18","46","43","7","4","19600","31","32","37",2.4000000000,"8","8","1","0","0","1","5","59347","45817","13530",2021GM0171,"2021",134056.9733200000,466268353.4300000072
GM0173,Oldenzaal,NEE,"1474","3","1471","31701","15693","16008","15","12","21","28","24","45","42","8","6","14083","34","31","34",2.2000000000,"8","8","0","0","0","4","4","2195","2155","40",2021GM0173,"2021",23249.3358160000,21952700.7410000004
GM0175,Ommen,NEE,"507","4","102","18295","9270","9025","16","11","21","28","23","44","45","6","5","7654","31","35","35",2.3000000000,"5","3","0","0","0","0","3","18201","17990","212",2021GM0175,"2021",77557.7543150000,182012653.8400000036
GM0177,Raalte,NEE,"665","4","222","37911","19021","18890","15","12","21","30","23","45","44","5","6","15840","29","35","36",2.4000000000,"3","3","0","0","0","1","2","17229","17099","130",2021GM0177,"2021",76260.3584200000,172290458.3600000143
GM0180,Staphorst,NEE,"356","5","129","17261","8857","8404","22","15","23","24","16","47","46","3","4","6017","24","28","47",2.9000000000,"3","2","0","0","0","0","2","13569","13399","170",2021GM0180,"2021",59261.2913210000,135693600.3899999857
GM0183,Tubbergen,NEE,"296","5","145","21315","10894","10421","16","14","21","29","20","46","45","4","6","8226","26","32","43",2.6000000000,"3","1","0","0","0","0","1","14744","14700","44",2021GM0183,"2021",64928.0933130000,147441415.0500000119
GM0184,Urk,NEE,"1076","3","1614","21227","10764","10463","28","16","27","20","10","50","45","2","3","6462","20","23","57",3.2000000000,"2","3","0","0","0","0","2","11186","1315","9871",2021GM0184,"2021",20883.3369390000,13424142.9409999996
GM0189,Wierden,NEE,"711","4","259","24538","12305","12233","17","12","22","28","22","43","47","5","6","9689","25","34","41",2.5000000000,"4","3","0","0","0","1","2","9539","9463","76",2021GM0189,"2021",54645.9997890000,95388421.2970000058
GM0193,Zwolle,NEE,"2081","2","1169","129840","63944","65896","17","13","28","25","16","53","35","8","4","60800","41","27","32",2.1000000000,"7","11","1","0","1","2","7","11936","11110","826",2021GM0193,"2021",64780.3869520000,119364079.2999999970
GM0197,Aalten,NEE,"774","4","281","27120","13655","13465","15","11","20","30","23","45","43","6","6","11535","30","35","35",2.3000000000,"8","4","0","0","0","1","2","9705","9654","52",2021GM0197,"2021",52177.3932580000,97052390.8110000044
GM0200,Apeldoorn,NEE,"1770","2","485","164781","82157","82624","15","12","23","28","21","46","40","9","5","74301","37","31","33",2.2000000000,"8","10","1","0","1","3","6","34115","33989","125",2021GM0200,"2021",94180.2997990000,341146792.8100000024
GM0202,Arnhem,NEE,"2239","2","1660","162424","81376","81048","15","13","30","26","16","57","30","9","4","82259","48","24","28",1.9000000000,"12","21","2","0","2","5","11","10154","9782","372",2021GM0202,"2021",60138.3197420000,101543360.4599999934
GM0203,Barneveld,NEE,"885","4","341","59992","29932","30060","21","14","24","24","17","46","45","5","4","22681","28","31","42",2.6000000000,"4","5","1","0","0","1","3","17666","17590","76",2021GM0203,"2021",85547.3704620000,176659564.0300000012
GM0209,Beuningen,NEE,"1000","3","599","26157","13044","13113","15","11","22","31","20","44","43","7","5","11335","29","34","37",2.3000000000,"8","6","0","0","1","1","4","4709","4365","344",2021GM0209,"2021",31234.3727440000,47089889.7800000012
GM0213,Brummen,NEE,"769","4","250","20884","10374","10510","13","11","19","31","26","40","47","7","6","9104","29","37","34",2.3000000000,"6","6","0","0","0","3","3","8501","8365","137",2021GM0213,"2021",54615.8788530000,85012047.7929999977
GM0214,Buren,NEE,"292","5","202","27009","13586","13423","15","11","21","32","21","42","46","7","5","11237","26","36","38",2.4000000000,"6","3","0","0","0","0","2","14292","13389","903",2021GM0214,"2021",71232.1710830000,142921842.0399999917
GM0216,Culemborg,NEE,"1479","3","994","29121","14437","14684","16","12","23","30","19","47","40","8","5","12753","34","30","37",2.3000000000,"10","14","7","0","1","1","4","3114","2929","186",2021GM0216,"2021",29338.8844340000,31143693.7080000006
GM0221,Doesburg,NEE,"863","4","960","11064","5384","5680","12","11","18","32","27","40","43","10","7","5250","36","33","31",2.1000000000,"10","11","0","0","1","6","3","1296","1153","143",2021GM0221,"2021",20380.6688950000,12958308.4529999997
GM0222,Doetinchem,NEE,"1154","3","737","58270","28919","29351","15","12","23","29","21","47","40","8","5","26110","35","31","33",2.2000000000,"7","8","0","0","0","3","4","7966","7905","61",2021GM0222,"2021",61500.3110740000,79655570.0059999973
GM0225,Druten,NEE,"802","4","505","18991","9504","9487","15","12","22","31","20","46","42","7","5","7969","29","34","38",2.3000000000,"7","6","0","0","0","3","3","4246","3764","482",2021GM0225,"2021",37739.9346310000,42457472.5630000010
GM0226,Duiven,NEE,"1160","3","739","25066","12403","12663","15","12","20","33","20","42","45","8","5","10725","28","33","39",2.3000000000,"9","7","0","0","1","1","4","3519","3390","129",2021GM0226,"2021",30269.8027250000,35187885.2299999967
GM0228,Ede,NEE,"1568","2","373","118530","58734","59796","18","13","24","26","19","46","43","6","5","50053","34","30","35",2.3000000000,"7","9","2","0","1","2","4","31862","31818","44",2021GM0228,"2021",87629.3697790000,318620423.6999999881
GM0230,Elburg,NEE,"683","4","367","23429","11762","11667","18","12","23","27","20","42","47","6","5","9337","28","33","40",2.5000000000,"4","3","0","0","0","0","3","6591","6382","209",2021GM0230,"2021",53252.9853880000,63874654.2749999985
GM0232,Epe,NEE,"745","4","213","33198","16552","16646","15","11","20","29","26","40","47","7","6","14289","31","35","34",2.3000000000,"6","6","0","0","0","3","3","15737","15607","130",2021GM0232,"2021",63042.8891370000,157372017.7400000095
GM0233,Ermelo,NEE,"911","4","315","27016","13437","13579","15","12","21","28","24","43","44","7","6","11276","34","32","34",2.3000000000,"6","5","1","0","1","1","4","8733","8563","169",2021GM0233,"2021",50281.8851610000,85633796.2530000061
GM0243,Harderwijk,NEE,"1551","2","1253","48726","24089","24637","17","12","25","27","19","45","42","8","5","20778","33","29","37",2.3000000000,"7","12","3","0","1","4","5","4827","3889","938",2021GM0243,"2021",52181.1091090000,38976305.6239999980
GM0244,Hattem,NEE,"822","4","530","12228","6058","6170","17","12","21","28","23","41","47","6","6","5093","29","34","37",2.4000000000,"5","4","0","0","0","0","3","2416","2308","108",2021GM0244,"2021",25217.8230590000,24155743.5940000005
GM0246,Heerde,NEE,"615","4","238","18776","9254","9522","16","11","20","30","24","38","50","6","6","7763","27","38","36",2.4000000000,"3","3","0","0","0","0","3","8042","7874","168",2021GM0246,"2021",38796.4115530000,80420536.5049999952
GM0252,Heumen,NEE,"798","4","417","16569","8257","8312","14","11","19","31","25","43","44","8","6","7224","31","34","35",2.3000000000,"9","5","0","0","0","0","4","4154","3976","178",2021GM0252,"2021",31833.6986360000,41536314.6909999996
GM0262,Lochem,NEE,"595","4","159","33948","16773","17175","14","10","17","31","29","40","46","7","7","14962","31","37","31",2.2000000000,"6","5","1","0","0","1","3","21594","21303","291",2021GM0262,"2021",88215.1187520000,215942010.3199999928
GM0263,Maasdriel,NEE,"481","5","385","25452","12947","12505","15","12","24","31","19","45","43","7","5","10941","32","32","36",2.3000000000,"11","4","1","0","0","0","3","7546","6611","935",2021GM0263,"2021",52524.1671030000,75462009.1019999981
GM0267,Nijkerk,NEE,"1117","3","629","43600","21716","21884","18","12","23","27","19","43","45","6","5","17611","28","31","40",2.5000000000,"6","7","2","0","0","1","3","7204","6934","270",2021GM0267,"2021",60275.9092290000,69856831.8320000023
GM0268,Nijmegen,NEE,"2409","2","3341","177359","86037","91322","14","17","29","24","16","61","27","8","4","96001","53","23","23",1.8000000000,"12","15","2","0","1","3","8","5763","5309","454",2021GM0268,"2021",42962.1764470000,57628048.7210000008
GM0269,Oldebroek,NEE,"655","4","243","23760","11951","11809","18","12","23","28","19","41","50","4","5","9242","25","33","42",2.5000000000,"3","3","0","0","0","0","2","9884","9765","118",2021GM0269,"2021",52882.3441710000,98249451.0579999983
GM0273,Putten,NEE,"914","4","286","24365","12088","12277","17","12","22","27","21","41","48","6","6","9747","27","34","39",2.5000000000,"4","4","0","0","0","0","3","8750","8522","228",2021GM0273,"2021",52197.8514050000,85333912.2639999986
GM0274,Renkum,NEE,"917","4","684","31417","15356","16061","14","9","18","31","28","42","42","9","7","14655","37","34","29",2.1000000000,"10","6","0","0","1","1","4","4723","4595","128",2021GM0274,"2021",35239.5253790000,47233271.0289999992
GM0275,Rheden,NEE,"1458","3","532","43525","21286","22239","14","11","20","29","26","44","40","9","7","21059","41","30","29",2.0000000000,"9","8","1","0","0","2","4","8435","8174","260",2021GM0275,"2021",49245.9433530000,84348352.3120000064
GM0277,Rozendaal,NEE,"948","4","62","1726","849","877","19","11","15","32","24","41","50","4","5","693","20","40","40",2.5000000000,"10","6","0","0","1","0","4","2792","2790","2",2021GM0277,"2021",25185.1414080000,27919889.3709999993
GM0279,Scherpenzeel,NEE,"934","4","735","10128","5044","5084","19","13","24","25","20","44","46","5","5","4091","29","32","38",2.4000000000,"4","4","1","0","0","0","2","1381","1379","3",2021GM0279,"2021",18951.9864490000,13814847.3359999992
GM0281,Tiel,NEE,"1435","3","1275","41920","20934","20986","15","13","25","29","19","47","39","9","5","18660","37","28","35",2.2000000000,"11","17","5","0","1","6","5","3551","3288","263",2021GM0281,"2021",32225.3722400000,35512546.2819999978
GM0285,Voorst,NEE,"582","4","202","24790","12408","12382","16","11","19","30","24","44","45","6","6","10254","28","37","35",2.3000000000,"5","4","0","0","0","1","2","12647","12297","350",2021GM0285,"2021",69127.7272930000,126468690.8499999940
GM0289,Wageningen,NEE,"2078","2","1303","39635","19129","20506","12","22","28","22","17","60","30","6","4","22518","60","21","19",1.7000000000,"14","14","1","0","1","1","12","3236","3042","194",2021GM0289,"2021",34074.3591840000,32359864.9990000017
GM0293,Westervoort,NEE,"1158","3","2136","15014","7409","7605","15","10","23","31","21","43","43","9","5","6727","31","34","36",2.2000000000,"9","10","1","0","1","2","6","784","703","81",2021GM0293,"2021",14578.1262920000,7838999.4528999999
GM0294,Winterswijk,NEE,"1214","3","210","29022","14488","14534","14","12","21","29","24","44","43","7","6","12879","34","33","33",2.2000000000,"9","7","1","0","0","2","4","13882","13814","68",2021GM0294,"2021",53002.8105770000,138816639.8100000024
GM0296,Wijchen,NEE,"1234","3","624","41261","20350","20911","15","12","21","30","22","44","43","8","5","17844","30","33","37",2.3000000000,"8","5","0","0","1","1","3","6956","6618","339",2021GM0296,"2021",44496.4832880000,69563657.7500000000
GM0297,Zaltbommel,NEE,"700","4","371","29447","14833","14614","18","13","23","27","18","46","43","6","5","12119","31","31","38",2.4000000000,"8","6","3","0","0","0","3","8904","7938","966",2021GM0297,"2021",58996.3212260000,89042926.2430000007
GM0299,Zevenaar,NEE,"1046","3","476","44096","21720","22376","14","11","22","29","25","43","43","8","6","20008","33","34","33",2.2000000000,"10","5","0","0","1","1","3","10610","9260","1350",2021GM0299,"2021",86263.2263590000,106104359.4699999988
GM0301,Zutphen,NEE,"1658","2","1175","48111","23595","24516","14","12","22","30","23","46","38","10","5","22302","39","30","31",2.1000000000,"9","10","1","0","1","3","5","4293","4095","198",2021GM0301,"2021",43953.9106430000,42934420.8390000015
GM0302,Nunspeet,NEE,"807","4","218","28021","13863","14158","18","12","22","26","21","42","47","6","5","11078","29","32","39",2.5000000000,"4","4","0","0","0","0","3","12953","12874","80",2021GM0302,"2021",58710.2591360000,128830644.3299999982
GM0303,Dronten,NEE,"776","4","126","42011","21062","20949","16","13","24","29","18","44","44","7","4","17842","31","33","36",2.3000000000,"9","9","1","0","1","1","5","42389","33357","9032",2021GM0303,"2021",135089.7139900000,338605668.5600000024
GM0307,Amersfoort,NEE,"2341","2","2514","157462","77807","79655","18","12","27","28","15","51","37","8","4","69643","37","27","36",2.2000000000,"9","16","3","0","1","4","8","6386","6262","124",2021GM0307,"2021",53641.0054810000,63860765.0190000013
GM0308,Baarn,NEE,"1618","2","762","24792","12038","12754","16","10","21","29","24","46","38","9","6","11165","39","29","32",2.1000000000,"10","9","1","0","1","2","5","3301","3254","47",2021GM0308,"2021",31496.5353190000,33006228.3500000015
GM0310,De Bilt,NEE,"1272","3","656","43384","20903","22481","17","10","20","28","24","47","39","8","6","19343","37","29","34",2.2000000000,"10","9","3","0","1","0","5","6713","6612","101",2021GM0310,"2021",43237.1479130000,67130787.2049999982
GM0312,Bunnik,NEE,"667","4","415","15341","7596","7745","18","10","20","29","22","46","43","6","5","6511","31","32","37",2.3000000000,"8","6","1","0","1","0","4","3757","3697","60",2021GM0312,"2021",34607.8207030000,37569138.6789999977
GM0313,Bunschoten,NEE,"1184","3","725","22019","10974","11045","19","13","26","25","17","43","48","5","4","8471","26","30","44",2.6000000000,"6","6","0","0","0","2","3","3481","3038","443",2021GM0313,"2021",29468.9607120000,30803037.3999999985
GM0317,Eemnes,NEE,"956","4","302","9362","4592","4770","16","12","20","31","21","45","41","9","5","4022","31","31","38",2.3000000000,"8","6","1","0","1","1","5","3370","3104","267",2021GM0317,"2021",27658.8857300000,31452775.0529999994
GM0321,Houten,NEE,"1548","2","914","50223","24777","25446","19","12","22","31","16","48","42","7","4","20477","28","30","42",2.4000000000,"8","9","1","0","1","1","5","5899","5494","404",2021GM0321,"2021",38547.2420370000,58985522.2129999995
GM0327,Leusden,NEE,"1266","3","522","30544","14964","15580","16","11","21","29","23","43","45","8","5","13186","31","33","36",2.3000000000,"8","6","1","0","1","0","4","5889","5854","35",2021GM0327,"2021",42851.3632770000,58893057.2440000027
GM0331,Lopik,NEE,"373","5","191","14456","7379","7077","16","14","21","30","18","47","43","6","4","5671","26","32","42",2.5000000000,"4","5","2","0","1","0","3","7898","7557","341",2021GM0331,"2021",42334.4532260000,78978950.0629999936
GM0335,Montfoort,NEE,"751","4","370","13896","6945","6951","17","13","21","29","20","47","42","6","4","5680","28","32","40",2.4000000000,"5","6","1","0","1","1","3","3820","3757","63",2021GM0335,"2021",36594.0318410000,38202586.1950000003
GM0339,Renswoude,NEE,"519","4","302","5556","2783","2773","21","13","26","25","15","45","46","5","4","2142","26","32","43",2.6000000000,"5","3","0","0","0","0","3","1851","1840","11",2021GM0339,"2021",24069.6203500000,18510997.9169999994
GM0340,Rhenen,NEE,"932","4","480","20203","10054","10149","17","12","22","28","22","43","45","6","6","8320","31","33","36",2.4000000000,"6","6","2","0","0","0","4","4376","4208","168",2021GM0340,"2021",34322.5791330000,43756513.1379999965
GM0342,Soest,NEE,"1469","3","1014","46906","22961","23945","16","12","21","29","23","45","42","8","6","20752","34","31","35",2.2000000000,"9","13","2","0","1","5","6","4643","4624","19",2021GM0342,"2021",30455.0141330000,46432000.6480000019
GM0344,Utrecht,NEE,"3479","1","3830","359370","176554","182816","17","15","37","21","11","65","26","6","3","181775","50","23","27",2.0000000000,"12","24","9","0","2","4","9","9921","9383","538",2021GM0344,"2021",59762.0365270000,99207318.3270000070
GM0345,Veenendaal,NEE,"2200","2","3438","66912","33128","33784","18","13","25","26","18","45","43","7","5","28194","33","30","37",2.3000000000,"6","13","5","0","1","1","5","1972","1946","26",2021GM0345,"2021",20030.4752640000,19724167.3350000009
GM0351,Woudenberg,NEE,"973","4","373","13639","6808","6831","20","12","23","26","19","44","45","5","5","5232","27","31","42",2.5000000000,"5","6","1","0","0","0","4","3682","3653","29",2021GM0351,"2021",49965.6776240000,36822053.2220000029
GM0352,Wijk bij Duurstede,NEE,"1140","3","502","23925","11799","12126","16","11","21","31","21","43","44","8","5","10235","28","35","37",2.3000000000,"6","5","1","0","1","0","3","5040","4762","278",2021GM0352,"2021",37051.2085090000,50403976.2510000020
GM0353,IJsselstein,NEE,"1862","2","1605","33819","16445","17374","16","13","22","31","18","47","40","8","5","14383","31","29","40",2.3000000000,"7","14","4","0","3","1","5","2168","2107","61",2021GM0353,"2021",25554.8559030000,21680241.4880000018
GM0355,Zeist,NEE,"1601","2","1341","65043","31743","33300","17","12","23","27","21","50","37","8","5","29407","41","27","33",2.1000000000,"10","14","6","0","1","1","6","4865","4851","14",2021GM0355,"2021",44541.1863330000,48650812.0569999963
GM0356,Nieuwegein,NEE,"1926","2","2717","63866","31668","32198","15","11","26","27","21","48","39","8","4","29550","37","30","33",2.1000000000,"10","18","4","0","4","1","8","2565","2351","214",2021GM0356,"2021",24013.0570720000,25646426.5570000000
GM0358,Aalsmeer,NEE,"936","4","1590","31991","15913","16078","17","12","22","30","19","48","41","7","5","13295","29","29","41",2.4000000000,"12","10","2","0","2","1","6","3229","2012","1217",2021GM0358,"2021",32899.1340560000,32286067.3889999986
GM0361,Alkmaar,NEE,"2283","2","995","109896","54355","55541","15","11","26","28","20","50","36","10","5","52607","41","28","32",2.1000000000,"10","13","2","0","1","2","7","11735","11046","689",2021GM0361,"2021",68715.5171150000,117346486.0000000000
GM0362,Amstelveen,NEE,"2507","1","2208","90829","43779","47050","18","12","25","26","20","50","38","7","5","43004","43","23","34",2.1000000000,"20","27","2","0","3","2","20","4408","4113","295",2021GM0362,"2021",31993.2945260000,44081481.8479999974
GM0363,Amsterdam,NEE,"6096","1","5277","873338","433550","439788","14","13","36","24","13","65","24","8","3","474875","54","22","24",1.8000000000,"20","36","9","0","7","5","15","21949","16550","5399",2021GM0363,"2021",141152.9469200000,196552344.4600000083
GM0370,Beemster,NEE,"666","4","143","10110","5057","5053","17","11","22","30","20","47","42","6","4","4060","26","33","41",2.4000000000,"6","5","0","0","1","0","3","7207","7058","149",2021GM0370,"2021",38553.5859350000,72067164.4889999926
GM0373,Bergen (NH.),NEE,"819","4","300","29715","14317","15398","12","10","14","31","33","41","42","9","7","13883","37","33","29",2.1000000000,"10","4","0","0","0","0","3","12023","9896","2127",2021GM0373,"2021",57488.4745630000,99874183.3780000061
GM0375,Beverwijk,NEE,"2736","1","2275","41863","21052","20811","16","11","27","28","18","49","37","9","5","19203","38","27","35",2.2000000000,"12","16","1","0","1","6","8","2009","1840","168",2021GM0375,"2021",26054.8167490000,18911330.5670000017
GM0376,Blaricum,NEE,"1081","3","1075","11952","5850","6102","19","9","21","27","24","43","44","8","5","5069","30","32","38",2.3000000000,"11","9","3","0","1","1","5","1556","1111","445",2021GM0376,"2021",31894.9114550000,11129518.1089999992
GM0377,Bloemendaal,NEE,"1092","3","590","23478","11380","12098","17","11","15","30","27","44","43","7","6","9818","32","32","37",2.3000000000,"14","5","0","0","1","0","4","4523","3979","544",2021GM0377,"2021",43702.8590210000,40504668.7030000016
GM0383,Castricum,NEE,"1348","3","726","36086","17806","18280","14","12","20","29","25","45","42","7","6","15894","33","33","34",2.2000000000,"7","5","0","0","0","0","4","6040","4968","1072",2021GM0383,"2021",43658.0817560000,55231159.7510000020
GM0384,Diemen,NEE,"2802","1","2612","31334","15337","15997","15","16","31","23","15","59","31","7","4","15895","47","25","29",2.0000000000,"18","31","4","1","8","3","16","1404","1199","204",2021GM0384,"2021",24257.2320980000,12921745.9379999992
GM0385,Edam-Volendam,NEE,"1318","3","668","36268","18133","18135","15","13","22","29","22","45","44","6","5","15000","29","32","40",2.4000000000,"5","5","1","0","0","0","3","8000","5433","2566",2021GM0385,"2021",55945.4618910000,57236853.6129999980
GM0388,Enkhuizen,NEE,"1388","3","1469","18637","9365","9272","16","11","24","28","22","45","40","10","5","8662","38","30","32",2.1000000000,"10","8","1","0","1","2","4","11625","1268","10356",2021GM0388,"2021",48816.0572380000,13327634.9839999992
GM0392,Haarlem,NEE,"3591","1","5573","162543","79836","82707","17","10","29","27","17","56","32","9","4","78202","44","25","32",2.1000000000,"15","17","3","0","1","4","8","3209","2917","292",2021GM0392,"2021",30505.5661090000,32091235.4039999992
GM0394,Haarlemmermeer,NEE,"1532","2","799","157789","78563","79226","17","13","24","30","17","48","40","7","4","66655","31","28","41",2.3000000000,"12","18","3","0","3","2","10","20631","19748","883",2021GM0394,"2021",72707.5425690000,206313021.9099999964
GM0396,Heemskerk,NEE,"2346","2","1434","39191","19149","20042","15","11","22","30","23","44","41","9","6","17361","33","31","36",2.2000000000,"9","12","1","0","1","3","7","3168","2734","434",2021GM0396,"2021",29208.2620330000,27760141.3999999985
GM0397,Heemstede,NEE,"1781","2","3001","27545","13078","14467","18","9","18","28","27","45","40","8","7","12152","36","28","35",2.2000000000,"13","7","1","0","1","1","5","964","918","47",2021GM0397,"2021",13827.2149140000,9644212.5929000005
GM0398,Heerhugowaard,NEE,"1693","2","1528","58387","29417","28970","18","12","25","27","18","48","40","8","4","24166","30","30","40",2.4000000000,"9","13","1","0","1","2","8","3999","3821","178",2021GM0398,"2021",34921.7213240000,39991607.7990000024
GM0399,Heiloo,NEE,"1358","3","1291","24144","11905","12239","15","11","18","30","27","44","43","7","6","10873","35","32","33",2.2000000000,"8","5","0","0","0","0","4","1901","1870","31",2021GM0399,"2021",20550.1224910000,19013662.4129999988
GM0400,Den Helder,NEE,"1696","2","1250","56582","28094","28488","14","11","23","29","23","44","40","11","6","27243","41","30","29",2.0000000000,"10","11","0","0","1","1","9","17880","4525","13355",2021GM0400,"2021",49864.6853270000,47430330.3699999973
GM0402,Hilversum,NEE,"2764","1","2000","91235","44828","46407","17","11","26","27","19","52","35","8","5","43005","41","26","33",2.1000000000,"14","16","3","0","1","3","9","4635","4561","74",2021GM0402,"2021",45018.2989090000,46348607.4930000007
GM0405,Hoorn,NEE,"1701","2","3613","73619","36301","37318","16","12","25","27","20","49","37","10","5","33434","37","27","36",2.2000000000,"10","15","2","0","3","2","8","5346","2038","3308",2021GM0405,"2021",38358.9435790000,20889118.8339999989
GM0406,Huizen,NEE,"2040","2","2600","41090","19812","21278","15","11","20","30","24","43","42","9","6","18525","35","31","34",2.2000000000,"10","12","4","0","1","2","5","2332","1581","752",2021GM0406,"2021",30438.0448310000,15927036.2200000007
GM0415,Landsmeer,NEE,"1038","3","513","11565","5587","5978","17","11","20","30","22","47","41","7","5","4885","28","30","41",2.4000000000,"9","10","1","0","2","1","5","2650","2253","398",2021GM0415,"2021",22534.2231350000,26504137.7879999988
GM0416,Langedijk,NEE,"946","4","1186","28335","14097","14238","16","12","22","28","21","46","43","7","5","11822","28","33","39",2.4000000000,"6","5","1","0","1","0","4","2703","2388","314",2021GM0416,"2021",30434.8685020000,27029326.6460000016
GM0417,Laren,NEE,"1104","3","919","11400","5399","6001","16","9","15","29","31","41","41","10","8","5076","37","31","32",2.2000000000,"14","7","0","0","1","0","6","1241","1241","0",2021GM0417,"2021",16553.1477780000,12411359.7919999994
GM0420,Medemblik,NEE,"524","4","372","45165","22979","22186","16","12","21","29","22","46","42","7","5","19186","31","33","36",2.3000000000,"8","5","0","0","1","1","3","25756","12142","13615",2021GM0420,"2021",92026.3540180000,126193827.7300000042
GM0431,Oostzaan,NEE,"1060","3","841","9689","4767","4922","16","12","21","31","21","44","43","7","5","4059","28","30","42",2.4000000000,"7","8","1","0","1","1","5","1608","1153","455",2021GM0431,"2021",18805.4355260000,16075517.0979999993
GM0432,Opmeer,NEE,"535","4","289","12009","6112","5897","15","13","23","28","22","47","43","6","5","5102","31","32","37",2.3000000000,"6","3","0","0","0","0","2","4194","4150","44",2021GM0432,"2021",32523.1509860000,41943395.5420000032
GM0437,Ouder-Amstel,NEE,"1320","3","587","14125","6910","7215","16","12","22","29","21","51","37","7","5","6374","36","28","36",2.2000000000,"14","15","1","0","4","1","9","2578","2408","171",2021GM0437,"2021",32613.1833960000,25782332.4629999995
GM0439,Purmerend,NEE,"2253","2","3528","81683","39817","41866","14","12","24","30","20","47","39","9","5","36921","35","29","37",2.2000000000,"10","19","2","0","5","2","10","2456","2315","141",2021GM0439,"2021",23693.9043610000,24559851.2780000009
GM0441,Schagen,NEE,"744","4","277","46532","23230","23302","15","12","19","29","25","45","42","8","6","20611","34","33","34",2.2000000000,"7","4","0","0","0","0","4","18728","16825","1903",2021GM0441,"2021",71628.7110230000,172094678.6999999881
GM0448,Texel,NEE,"483","5","84","13656","6763","6893","13","10","20","31","26","42","43","9","6","6496","38","34","28",2.1000000000,"7","4","0","0","0","0","4","46316","16200","30116",2021GM0448,"2021",116824.8781300000,164593368.8400000036
GM0450,Uitgeest,NEE,"1105","3","711","13632","6849","6783","16","13","23","30","19","47","42","7","4","5712","28","31","41",2.4000000000,"7","6","0","0","1","1","5","2229","1916","313",2021GM0450,"2021",24378.2102080000,22290553.9039999992
GM0451,Uithoorn,NEE,"1445","3","1665","30206","14843","15363","17","12","24","29","18","47","40","8","5","13126","33","27","40",2.3000000000,"12","16","3","0","2","1","10","1942","1814","128",2021GM0451,"2021",24200.7475380000,19419052.6119999997
GM0453,Velsen,NEE,"1865","2","1518","68617","34099","34518","15","12","22","30","21","46","39","9","5","31211","36","29","36",2.2000000000,"10","10","1","0","1","2","6","6317","4520","1797",2021GM0453,"2021",65336.1721380000,49464315.2210000008
GM0457,Weesp,NEE,"1789","2","897","20445","9954","10491","18","9","26","28","20","50","37","8","5","9374","39","28","34",2.2000000000,"12","17","5","0","2","2","7","2416","2279","137",2021GM0457,"2021",26921.3162790000,24160715.7419999987
GM0473,Zandvoort,NEE,"1814","2","535","17168","8281","8887","13","9","21","31","26","46","35","12","6","8590","43","27","29",2.0000000000,"15","9","1","0","1","1","6","4397","3212","1186",2021GM0473,"2021",25469.8337450000,33739813.7480000034
GM0479,Zaanstad,NEE,"2053","2","2124","156901","77765","79136","16","12","26","28","18","50","37","9","5","70545","36","26","37",2.2000000000,"11","23","3","0","4","8","8","8324","7387","937",2021GM0479,"2021",42049.4782710000,83235283.5090000033
GM0482,Alblasserdam,NEE,"1527","2","2294","20136","9897","10239","19","12","23","26","20","44","44","6","5","8246","31","30","39",2.4000000000,"7","8","1","0","1","3","4","1006","878","128",2021GM0482,"2021",17106.3816840000,10060080.5759999994
GM0484,Alphen aan den Rijn,NEE,"1873","2","892","112587","56099","56488","16","12","25","28","19","47","41","8","5","49093","33","31","36",2.3000000000,"9","12","3","0","1","1","6","13250","12623","626",2021GM0484,"2021",58099.7703610000,132495868.4699999988
GM0489,Barendrecht,NEE,"1670","2","2463","48643","23929","24714","18","13","21","30","18","45","43","7","4","19327","25","30","45",2.5000000000,"8","18","2","0","5","4","7","2173","1975","198",2021GM0489,"2021",19983.8717390000,21730585.0570000000
GM0498,Drechterland,NEE,"505","4","337","19838","10035","9803","16","12","22","29","22","45","43","7","5","8270","28","34","38",2.4000000000,"7","4","0","0","0","0","3","8059","5889","2170",2021GM0498,"2021",39748.9707610000,59533226.0439999998
GM0501,Brielle,NEE,"892","4","633","17439","8592","8847","14","11","22","30","23","42","43","9","6","7863","33","33","34",2.2000000000,"9","6","0","0","1","1","4","3114","2755","360",2021GM0501,"2021",27945.8205540000,31143268.2300000004
GM0502,Capelle aan den IJssel,NEE,"2308","2","4761","67319","32570","34749","16","11","24","27","21","49","37","9","5","31565","39","27","34",2.1000000000,"11","26","2","1","7","2","15","1540","1414","126",2021GM0502,"2021",24960.1200120000,15399973.4049999993
GM0503,Delft,NEE,"3562","1","4572","103581","54657","48924","12","20","29","23","16","60","29","8","4","58543","57","22","21",1.8000000000,"15","22","2","0","2","3","15","2406","2265","141",2021GM0503,"2021",28619.1776130000,24062232.0709999986
GM0505,Dordrecht,NEE,"2523","1","1517","119115","59019","60096","15","12","26","28","19","48","38","9","5","55136","39","27","33",2.1000000000,"12","19","2","0","2","6","9","9947","7854","2093",2021GM0505,"2021",55314.2275370000,98616098.0999999940
GM0512,Gorinchem,NEE,"1735","2","1987","37410","18578","18832","16","12","25","28","19","47","39","9","5","16929","38","27","35",2.2000000000,"10","17","5","0","1","5","6","2193","1883","311",2021GM0512,"2021",24083.7284510000,21932312.7859999985
GM0513,Gouda,NEE,"2540","1","4464","73681","36244","37437","16","12","25","27","20","48","39","8","5","33744","39","29","32",2.1000000000,"9","17","10","0","1","1","6","1811","1650","161",2021GM0513,"2021",23321.7478660000,18113363.3489999995
GM0518,'s-Gravenhage,NEE,"4994","1","6650","548320","272686","275634","17","12","30","26","15","57","30","9","3","269603","48","22","31",2.0000000000,"20","36","6","0","8","8","14","9813","8245","1568",2021GM0518,"2021",84316.8802170000,85534737.0199999958
GM0523,Hardinxveld-Giessendam,NEE,"988","4","1089","18413","9162","9251","19","13","24","25","19","43","47","4","5","7186","28","31","41",2.5000000000,"4","4","1","0","0","0","3","1935","1691","245",2021GM0523,"2021",25256.3787930000,19354825.6860000007
GM0530,Hellevoetsluis,NEE,"1523","2","981","40312","19905","20407","15","11","23","29","22","42","43","10","5","18134","32","33","35",2.2000000000,"9","10","1","0","1","2","6","6120","4110","2011",2021GM0530,"2021",50550.7374300000,41904670.4870000035
GM0531,Hendrik-Ido-Ambacht,NEE,"1826","2","2945","31258","15373","15885","21","12","25","26","17","45","45","6","4","12186","25","30","45",2.5000000000,"6","9","1","0","2","1","5","1190","1061","129",2021GM0531,"2021",18682.4299690000,11900762.5720000006
GM0532,Stede Broec,NEE,"1145","3","1500","21743","10959","10784","16","12","23","27","22","44","45","7","5","9222","29","34","37",2.3000000000,"9","5","1","0","1","0","4","1637","1450","187",2021GM0532,"2021",17294.4550780000,15564773.4279999994
GM0534,Hillegom,NEE,"1569","2","1724","22197","11025","11172","16","11","24","28","21","46","40","8","5","9890","34","31","35",2.2000000000,"12","7","1","0","0","0","5","1347","1287","59",2021GM0534,"2021",15673.7083160000,13465591.1850000005
GM0537,Katwijk,NEE,"2163","2","2667","65995","32756","33239","18","12","25","26","18","45","45","6","5","26822","31","29","40",2.4000000000,"6","6","1","0","0","1","4","3115","2475","640",2021GM0537,"2021",27763.7418610000,26306345.2439999990
GM0542,Krimpen aan den IJssel,NEE,"1976","2","3826","29410","14185","15225","17","12","20","26","24","42","45","7","6","12415","31","32","38",2.3000000000,"8","10","1","0","2","1","6","895","769","126",2021GM0542,"2021",16460.0417500000,8949064.2559999991
GM0546,Leiden,NEE,"3797","1","5664","124093","60146","63947","13","18","30","24","16","60","29","7","4","68077","54","24","22",1.8000000000,"15","17","4","0","1","2","9","2327","2191","136",2021GM0546,"2021",25762.2156660000,23270262.1570000015
GM0547,Leiderdorp,NEE,"2488","2","2365","27377","13287","14090","16","11","22","29","23","45","41","8","6","12359","35","31","34",2.2000000000,"10","13","2","0","2","3","7","1228","1158","70",2021GM0547,"2021",16410.8226470000,12275656.3579999991
GM0553,Lisse,NEE,"1653","2","1465","22982","11324","11658","15","11","22","29","23","44","43","8","6","10263","33","32","35",2.2000000000,"9","5","0","0","1","0","4","1605","1569","36",2021GM0553,"2021",19182.1275640000,16054142.6630000006
GM0556,Maassluis,NEE,"2010","2","3960","33567","16479","17088","16","11","24","26","23","44","42","8","6","15115","34","31","34",2.2000000000,"9","20","4","0","2","6","7","1012","848","165",2021GM0556,"2021",15381.6899600000,10124598.7379999999
GM0569,Nieuwkoop,NEE,"505","4","373","29151","14724","14427","16","11","23","30","21","46","43","6","5","12028","28","34","38",2.4000000000,"7","5","1","0","1","0","3","9116","7805","1311",2021GM0569,"2021",55845.5262130000,91162781.4280000031
GM0575,Noordwijk,NEE,"1399","3","755","44062","22128","21934","15","11","23","29","22","47","39","8","5","19870","36","30","33",2.2000000000,"12","6","1","0","0","0","4","7494","5837","1657",2021GM0575,"2021",38165.6506340000,59363556.5640000030
GM0579,Oegstgeest,NEE,"1770","2","3430","25064","12095","12969","18","11","22","28","20","47","41","7","5","10908","34","29","37",2.3000000000,"16","10","1","0","1","1","7","797","731","66",2021GM0579,"2021",19161.6008730000,7967206.3709000004
GM0589,Oudewater,NEE,"845","4","261","10138","5012","5126","16","12","22","28","21","47","41","6","6","4278","31","31","37",2.3000000000,"5","4","1","0","0","0","3","4010","3890","120",2021GM0589,"2021",35939.2865290000,40101337.2889999971
GM0590,Papendrecht,NEE,"1914","2","3418","32171","15801","16370","16","12","22","27","23","42","44","8","6","14162","32","32","36",2.3000000000,"9","11","1","0","2","1","6","1079","941","138",2021GM0590,"2021",14916.6839780000,10789958.1799999997
GM0597,Ridderkerk,NEE,"1727","2","1968","46671","22567","24104","15","10","22","27","25","43","43","8","7","20948","34","32","34",2.2000000000,"8","13","2","0","2","2","7","2526","2372","155",2021GM0597,"2021",22829.6211440000,25262859.6669999994
GM0599,Rotterdam,NEE,"4012","1","2995","651631","322040","329591","16","13","31","24","15","58","28","10","4","328569","48","23","29",2.0000000000,"14","39","7","1","8","7","16","32414","21755","10659",2021GM0599,"2021",159619.4793300000,294298577.1899999976
GM0603,Rijswijk,NEE,"3165","1","3956","55220","26584","28636","17","9","27","25","22","50","35","9","6","26833","42","27","31",2.0000000000,"15","23","4","0","5","2","12","1449","1396","53",2021GM0603,"2021",17278.6662300000,14488091.2359999996
GM0606,Schiedam,NEE,"3307","1","4448","79279","39496","39783","16","12","28","27","17","52","35","9","5","37766","41","25","33",2.1000000000,"14","30","4","0","4","10","12","1986","1782","203",2021GM0606,"2021",23196.5665880000,19857484.7410000004
GM0610,Sliedrecht,NEE,"1627","2","1994","25597","12652","12945","18","12","25","25","20","45","43","7","6","10593","34","29","37",2.3000000000,"5","10","1","0","1","2","6","1401","1284","118",2021GM0610,"2021",16189.3811670000,14014161.8239999991
GM0613,Albrandswaard,NEE,"1038","3","1190","25814","12807","13007","18","11","22","31","18","46","43","7","4","10357","26","30","43",2.4000000000,"8","14","1","0","4","2","7","2376","2169","207",2021GM0613,"2021",21739.7139290000,23755796.7479999997
GM0614,Westvoorne,NEE,"620","4","280","14900","7413","7487","13","10","18","32","27","38","48","8","7","6721","31","37","32",2.2000000000,"7","4","0","0","0","0","3","9748","5318","4430",2021GM0614,"2021",49088.6763630000,58423936.0200000033
GM0622,Vlaardingen,NEE,"2803","1","3137","73924","35930","37994","16","11","26","26","21","47","38","9","6","34885","40","27","33",2.1000000000,"11","22","3","0","2","7","9","2669","2357","312",2021GM0622,"2021",21773.2615660000,26691378.0740000010
GM0626,Voorschoten,NEE,"1860","2","2302","25650","12390","13260","17","11","20","28","24","46","41","8","6","11306","34","30","36",2.2000000000,"13","10","1","0","1","1","6","1156","1114","42",2021GM0626,"2021",16359.6242020000,11559446.1750000007
GM0627,Waddinxveen,NEE,"1579","2","1097","30479","15117","15362","18","11","26","25","19","45","44","6","4","12700","29","33","38",2.4000000000,"8","10","3","0","1","1","5","2940","2777","162",2021GM0627,"2021",30065.1627640000,29396575.9930000007
GM0629,Wassenaar,NEE,"1447","3","527","26949","12945","14004","16","12","17","30","25","43","43","8","6","12131","38","28","34",2.2000000000,"22","14","1","0","1","1","12","6240","5111","1130",2021GM0629,"2021",32853.2179570000,52900642.7540000007
GM0632,Woerden,NEE,"1390","3","595","52694","26077","26617","17","12","23","28","19","48","40","7","5","22224","32","30","38",2.3000000000,"7","9","3","0","1","0","5","9292","8857","435",2021GM0632,"2021",51535.7168900000,92923080.0489999950
GM0637,Zoetermeer,NEE,"2513","1","3637","125267","61210","64057","17","11","25","27","20","47","39","10","4","56132","35","29","37",2.2000000000,"11","22","2","0","7","1","11","3705","3445","260",2021GM0637,"2021",28100.7119960000,37051002.7269999981
GM0638,Zoeterwoude,NEE,"804","4","417","8843","4434","4409","15","12","22","30","21","47","43","6","5","3594","27","35","38",2.4000000000,"6","7","1","0","1","1","4","2196","2119","77",2021GM0638,"2021",22557.7445270000,21958026.1920000017
GM0642,Zwijndrecht,NEE,"2091","2","2206","44775","21754","23021","16","11","24","26","23","44","42","9","6","20215","35","31","34",2.2000000000,"8","15","2","0","2","3","8","2277","2030","247",2021GM0642,"2021",21357.2815320000,22774742.8359999992
GM0654,Borsele,NEE,"319","5","161","22818","11575","11243","17","12","21","29","21","43","45","7","5","9579","30","34","36",2.4000000000,"7","3","0","0","0","0","2","19452","14157","5295",2021GM0654,"2021",79879.5200290000,142720753.3799999952
GM0664,Goes,NEE,"1348","3","417","38594","18900","19694","14","11","22","28","24","44","41","9","6","18002","39","31","30",2.1000000000,"9","8","1","0","1","1","5","10192","9258","934",2021GM0664,"2021",76400.2637430000,94570937.5000000000
GM0668,West Maas en Waal,NEE,"428","5","255","19581","9810","9771","14","11","21","32","22","43","44","7","6","8444","29","35","35",2.3000000000,"6","3","0","0","0","0","2","8521","7676","845",2021GM0668,"2021",47760.9017960000,85209116.7859999985
GM0677,Hulst,NEE,"511","4","137","27575","13782","13793","13","10","20","32","26","41","45","8","6","12737","34","36","30",2.1000000000,"26","3","0","0","0","0","3","25182","20171","5011",2021GM0677,"2021",294184.5141400000,204375992.6299999952
GM0678,Kapelle,NEE,"653","4","347","12882","6409","6473","17","12","21","28","22","41","47","7","5","5347","28","35","37",2.4000000000,"6","4","0","0","0","0","3","4963","3713","1250",2021GM0678,"2021",36709.6896890000,38035848.2360000014
GM0687,Middelburg,NEE,"1751","2","1011","48964","23796","25168","16","12","23","27","23","46","40","9","5","23223","41","29","30",2.1000000000,"10","9","1","0","1","2","6","5304","4842","462",2021GM0687,"2021",53181.9476580000,49759206.3680000007
GM0703,Reimerswaal,NEE,"518","4","225","22896","11575","11321","20","13","25","24","17","46","44","5","4","9164","31","30","38",2.5000000000,"11","4","0","0","0","1","3","24242","10180","14062",2021GM0703,"2021",104952.1402900000,112879890.9399999976
GM0715,Terneuzen,NEE,"876","4","218","54463","27137","27326","14","10","22","29","25","41","43","9","7","25823","37","34","29",2.1000000000,"20","8","1","0","0","2","5","31776","25038","6738",2021GM0715,"2021",131333.2409700000,260976375.9399999976
GM0716,Tholen,NEE,"488","5","178","26085","13069","13016","18","13","23","27","19","43","45","7","5","10677","30","33","37",2.4000000000,"6","4","1","0","0","0","2","25400","14671","10730",2021GM0716,"2021",150565.7504600000,156091381.8300000131
GM0717,Veere,NEE,"347","5","166","21953","10942","11011","15","11","18","28","28","38","50","6","6","9528","31","37","32",2.3000000000,"6","3","0","0","0","0","2","20655","13256","7399",2021GM0717,"2021",144388.7271300000,134293366.5500000119
GM0718,Vlissingen,NEE,"1932","2","1293","44358","22114","22244","14","11","23","28","24","45","38","10","6","22446","44","28","27",2.0000000000,"15","12","2","0","2","1","7","34484","3431","31052",2021GM0718,"2021",73964.5001120000,35406808.7779999971
GM0736,De Ronde Venen,NEE,"882","4","448","44720","22140","22580","15","12","21","31","21","45","42","7","5","19287","31","31","38",2.3000000000,"9","9","2","0","1","1","5","11698","9992","1706",2021GM0736,"2021",56851.8862410000,116979238.0699999928
GM0737,Tytsjerksteradiel,NEE,"478","5","215","32060","16069","15991","16","12","20","28","24","44","44","6","6","13645","31","34","35",2.3000000000,"3","3","0","0","0","0","3","16141","14886","1254",2021GM0737,"2021",80524.2625890000,161405570.9799999893
GM0743,Asten,NEE,"975","4","240","16817","8602","8215","14","12","22","29","23","44","44","6","6","7220","32","33","35",2.3000000000,"7","4","1","0","0","0","3","7134","7017","117",2021GM0743,"2021",40251.4250880000,71339257.4350000024
GM0744,Baarle-Nassau,NEE,"348","5","91","6899","3461","3438","14","9","21","29","27","41","44","8","7","3044","32","36","32",2.2000000000,"23","3","0","0","0","0","3","7629","7614","15",2021GM0744,"2021",99202.3203290000,76285122.6599999964
GM0748,Bergen op Zoom,NEE,"1855","2","844","67514","33539","33975","15","11","23","29","22","43","42","9","6","30577","35","32","33",2.2000000000,"11","16","5","0","1","5","5","9313","7996","1317",2021GM0748,"2021",48708.8062070000,93127929.2259999961
GM0753,Best,NEE,"1437","3","881","30216","15071","15145","15","12","23","31","19","45","43","7","5","13036","30","33","37",2.3000000000,"10","8","1","0","1","2","5","3510","3430","80",2021GM0753,"2021",28373.6550480000,35100687.1129999980
GM0755,Boekel,NEE,"551","4","318","10959","5584","5375","16","13","23","29","19","48","42","5","5","4297","26","33","40",2.5000000000,"6","2","0","0","0","0","2","3452","3451","1",2021GM0755,"2021",25411.7707090000,34516110.5370000005
GM0756,Boxmeer,NEE,"673","4","266","29609","14890","14719","14","12","20","31","24","44","44","7","6","12712","30","36","34",2.3000000000,"7","6","0","0","0","1","4","11384","11144","240",2021GM0756,"2021",65685.7639210000,113843005.1299999952
GM0757,Boxtel,NEE,"1161","3","477","32973","16444","16529","15","12","22","29","23","45","42","7","6","14553","34","32","34",2.2000000000,"8","8","2","0","1","1","5","7032","6908","124",2021GM0757,"2021",44521.4053530000,70318141.7820000052
GM0758,Breda,NEE,"2202","2","1464","184126","90606","93520","15","13","26","26","19","53","34","8","5","88452","42","28","30",2.1000000000,"12","13","3","0","1","2","7","12868","12574","294",2021GM0758,"2021",65625.7857920000,128680442.0400000066
GM0762,Deurne,NEE,"891","4","277","32437","16328","16109","15","12","22","29","22","45","43","6","6","13825","31","34","35",2.3000000000,"6","4","1","0","0","0","3","11836","11693","142",2021GM0762,"2021",55524.7274780000,118355776.2800000012
GM0765,Pekela,NEE,"533","4","248","12176","6151","6025","15","11","21","30","24","43","42","9","7","5566","34","34","33",2.2000000000,"6","3","0","0","0","0","3","5020","4904","117",2021GM0765,"2021",35590.7113520000,50204905.5219999999
GM0766,Dongen,NEE,"1218","3","902","26368","13219","13149","15","11","23","29","22","43","44","7","6","11308","29","34","36",2.3000000000,"7","7","0","0","1","3","3","2974","2924","50",2021GM0766,"2021",28686.7311770000,29739736.9149999991
GM0770,Eersel,NEE,"580","4","237","19528","9885","9643","15","11","22","30","23","44","44","6","6","8189","29","35","35",2.3000000000,"7","3","0","0","0","0","3","8333","8246","86",2021GM0770,"2021",62743.9244290000,83325783.0039999932
GM0772,Eindhoven,NEE,"2711","1","2689","235691","121651","114040","14","14","31","24","17","56","32","8","4","121629","48","26","26",1.9000000000,"16","23","3","0","2","5","13","8892","8766","126",2021GM0772,"2021",50127.0527840000,88915398.1309999973
GM0777,Etten-Leur,NEE,"1670","2","793","43869","21641","22228","16","11","24","28","21","44","42","8","5","18929","30","32","37",2.3000000000,"10","10","2","0","1","2","5","5592","5530","62",2021GM0777,"2021",38573.9962520000,55921294.1529999971
GM0779,Geertruidenberg,NEE,"1090","3","817","21770","10808","10962","15","11","23","29","22","44","42","8","6","9505","31","33","36",2.3000000000,"7","4","0","0","1","0","3","2964","2663","301",2021GM0779,"2021",24000.8961250000,29639808.6130000018
GM0784,Gilze en Rijen,NEE,"1088","3","409","26723","13347","13376","16","11","23","29","21","43","44","8","5","11243","30","34","36",2.3000000000,"8","10","1","0","0","4","6","6566","6538","28",2021GM0784,"2021",44196.7702000000,65664671.6049999967
GM0785,Goirle,NEE,"1181","3","557","23952","11893","12059","17","10","22","28","23","43","44","7","6","10236","29","35","36",2.3000000000,"7","5","0","0","0","1","3","4338","4299","38",2021GM0785,"2021",42378.7462430000,43378680.1689999998
GM0786,Grave,NEE,"639","4","459","12486","6378","6108","14","11","22","30","23","44","42","8","6","5307","32","34","34",2.2000000000,"8","7","0","0","0","0","5","2803","2718","85",2021GM0786,"2021",27821.8371830000,28032978.0839999989
GM0794,Helmond,NEE,"1784","2","1742","92627","46775","45852","16","12","25","29","18","48","38","9","5","41418","35","29","36",2.2000000000,"15","14","4","0","1","3","6","5475","5318","158",2021GM0794,"2021",42796.5169620000,54752516.1319999993
GM0796,'s-Hertogenbosch,NEE,"1992","2","1414","155490","76891","78599","15","11","27","28","19","51","35","9","5","73802","40","29","31",2.1000000000,"9","12","3","0","1","2","6","11781","10999","782",2021GM0796,"2021",70271.8403960000,117811837.2099999934
GM0797,Heusden,NEE,"1098","3","571","45005","22590","22415","15","11","23","30","21","44","44","7","5","19329","30","34","36",2.3000000000,"8","7","1","0","0","2","3","8122","7888","234",2021GM0797,"2021",45677.5021870000,81219438.9950000048
GM0798,Hilvarenbeek,NEE,"591","4","166","15698","7875","7823","15","11","20","31","23","43","45","6","6","6669","28","37","35",2.3000000000,"6","3","0","0","0","0","2","9651","9485","166",2021GM0798,"2021",53022.4847710000,96507470.3550000042
GM0809,Loon op Zand,NEE,"1073","3","471","23504","11650","11854","15","11","22","30","23","43","44","7","6","10185","30","35","36",2.3000000000,"7","4","0","0","0","1","3","5071","4994","77",2021GM0809,"2021",33680.2405670000,50711553.8900000006
GM0815,Mill en Sint Hubert,NEE,"323","5","211","11004","5602","5402","14","11","20","32","22","44","44","6","6","4644","28","36","36",2.3000000000,"4","2","0","0","0","0","2","5317","5223","95",2021GM0815,"2021",35463.7587120000,53174083.1000000015
GM0820,"Nuenen, Gerwen en Nederwetten",NEE,"1111","3","703","23702","11758","11944","15","10","20","29","26","41","46","8","6","10289","29","36","35",2.3000000000,"9","5","0","0","0","1","3","3394","3371","23",2021GM0820,"2021",35140.8407730000,33943542.6400000006
GM0823,Oirschot,NEE,"616","4","185","18842","9529","9313","14","12","20","32","22","44","44","6","5","7833","28","35","37",2.4000000000,"5","3","0","0","0","0","3","10284","10178","106",2021GM0823,"2021",60530.4455990000,102844864.6800000072
GM0824,Oisterwijk,NEE,"925","4","404","32373","16056","16317","14","11","20","30","24","44","43","7","6","14021","31","35","34",2.2000000000,"7","5","0","0","0","0","4","8146","8011","135",2021GM0824,"2021",46235.5718880000,81461871.1060000062
GM0826,Oosterhout,NEE,"1538","2","786","56206","27727","28479","15","11","22","29","23","43","43","9","6","25292","33","34","34",2.2000000000,"10","11","3","0","1","3","5","7309","7147","162",2021GM0826,"2021",43160.6069200000,73086769.5919999927
GM0828,Oss,NEE,"1401","3","567","92526","46564","45962","15","12","24","29","20","46","41","8","5","41185","34","31","35",2.2000000000,"10","10","1","0","1","5","4","17093","16316","777",2021GM0828,"2021",72612.9813690000,170929379.2500000000
GM0840,Rucphen,NEE,"677","4","358","23080","11666","11414","13","10","22","33","23","39","47","7","7","10013","28","36","35",2.3000000000,"7","3","1","0","0","0","2","6448","6441","6",2021GM0840,"2021",47890.1258990000,64475178.9750000015
GM0845,Sint-Michielsgestel,NEE,"635","4","505","29498","14831","14667","16","11","21","30","22","44","44","6","6","12103","27","34","39",2.4000000000,"5","3","0","0","0","0","3","5934","5838","96",2021GM0845,"2021",52829.0425800000,59341507.3100000024
GM0847,Someren,NEE,"736","4","242","19428","9917","9511","14","12","23","30","20","44","45","6","5","8219","29","35","36",2.3000000000,"7","3","0","0","0","0","2","8150","8027","123",2021GM0847,"2021",41763.7296000000,81500588.3490000069
GM0848,Son en Breugel,NEE,"695","4","676","17552","8632","8920","17","11","22","28","22","44","43","7","6","7377","29","33","38",2.3000000000,"9","5","0","0","0","0","4","2651","2595","56",2021GM0848,"2021",28176.7608360000,26506821.6229999997
GM0851,Steenbergen,NEE,"733","4","166","24310","12407","11903","14","11","23","31","22","42","44","8","6","11201","35","34","31",2.1000000000,"11","4","0","0","1","0","3","15914","14643","1272",2021GM0851,"2021",76801.7457410000,150795696.0300000012
GM0852,Waterland,NEE,"643","4","332","17312","8508","8804","16","11","19","30","25","44","43","7","6","7538","31","32","37",2.3000000000,"8","6","0","0","1","0","4","11566","5211","6355",2021GM0852,"2021",67190.4636870000,55832503.7779999971
GM0855,Tilburg,NEE,"2807","1","1762","221947","110690","111257","14","15","28","26","17","55","33","8","4","109710","45","26","29",2.0000000000,"13","17","3","0","2","4","8","12846","12596","250",2021GM0855,"2021",65896.0348970000,128459576.8299999982
GM0856,Uden,NEE,"1384","3","631","42291","20986","21305","15","12","24","28","22","47","40","8","6","18845","35","31","34",2.2000000000,"9","8","1","0","1","3","4","6753","6700","53",2021GM0856,"2021",42076.0171590000,67531796.5330000073
GM0858,Valkenswaard,NEE,"1484","3","569","31221","15483","15738","13","10","22","29","26","42","42","9","6","14609","35","34","31",2.1000000000,"10","5","0","0","0","0","4","5650","5492","159",2021GM0858,"2021",45192.2601340000,56501690.4029999971
GM0861,Veldhoven,NEE,"1684","2","1436","45500","22782","22718","15","11","23","29","22","44","43","8","5","20156","32","32","35",2.2000000000,"11","9","1","0","1","1","7","3189","3169","20",2021GM0861,"2021",29495.3944550000,31885448.1050000004
GM0865,Vught,NEE,"1160","3","527","31669","15755","15914","17","10","22","29","22","47","40","8","6","13421","32","31","36",2.3000000000,"9","5","0","0","0","0","4","6112","6005","106",2021GM0865,"2021",41896.0019900000,61115611.0490000024
GM0866,Waalre,NEE,"858","4","784","17544","8732","8812","17","10","20","29","24","43","43","8","6","7610","31","33","36",2.3000000000,"11","7","0","0","1","1","5","2266","2239","28",2021GM0866,"2021",21224.7874710000,22663852.6189999990
GM0867,Waalwijk,NEE,"1311","3","756","48815","24343","24472","15","11","25","28","21","45","42","8","6","21986","34","32","34",2.2000000000,"11","9","1","0","1","3","4","6765","6458","307",2021GM0867,"2021",42118.0091610000,67646236.5100000054
GM0873,Woensdrecht,NEE,"665","4","240","22028","11079","10949","14","10","21","31","25","40","47","8","6","9771","30","37","33",2.2000000000,"21","4","0","0","0","0","3","9197","9166","31",2021GM0873,"2021",48462.3774840000,91970084.9130000025
GM0879,Zundert,NEE,"565","4","182","21988","11247","10741","13","11","22","31","23","44","44","6","6","9594","31","36","33",2.2000000000,"12","4","1","0","0","0","3","12121","12065","56",2021GM0879,"2021",56698.5232820000,121207154.6899999976
GM0880,Wormerland,NEE,"1440","3","423","16333","8080","8253","14","12","20","30","24","44","43","7","6","7132","31","32","37",2.3000000000,"6","8","1","0","1","1","4","4518","3859","659",2021GM0880,"2021",30721.2253500000,45175279.4600000009
GM0882,Landgraaf,NEE,"1457","3","1516","37262","18342","18920","13","10","21","31","26","40","43","10","7","17676","35","34","30",2.1000000000,"18","5","0","0","0","0","4","2467","2458","8",2021GM0882,"2021",26438.3693080000,24665401.4809999987
GM0888,Beek,NEE,"891","4","755","15875","7738","8137","12","10","21","31","26","39","46","8","7","7336","32","37","31",2.1000000000,"10","5","1","0","0","0","3","2103","2103","0",2021GM0888,"2021",24546.0800240000,21033748.6950000003
GM0889,Beesel,NEE,"756","4","481","13450","6789","6661","14","11","21","30","24","41","46","7","6","5948","30","36","35",2.2000000000,"11","6","3","0","0","1","2","2915","2799","117",2021GM0889,"2021",24921.6399910000,29154112.1240000017
GM0893,Bergen (L.),NEE,"318","5","127","13108","6568","6540","13","11","19","33","24","41","45","7","7","5684","29","36","35",2.3000000000,"13","3","0","0","0","0","3","10850","10324","525",2021GM0893,"2021",61497.5635710000,108495099.1500000060
GM0899,Brunssum,NEE,"1669","2","1604","27670","13624","14046","12","10","21","31","26","40","41","11","8","13603","39","32","29",2.0000000000,"18","6","1","0","0","0","4","1734","1725","9",2021GM0899,"2021",19056.2845650000,17338107.7490000017
GM0907,Gennep,NEE,"644","4","358","17035","8705","8330","14","11","20","31","25","45","42","7","6","7318","32","34","34",2.2000000000,"10","4","1","0","0","0","3","5042","4762","281",2021GM0907,"2021",36667.2609690000,50423074.7400000021
GM0917,Heerlen,NEE,"1817","2","1935","86936","43356","43580","13","10","24","30","24","46","35","12","7","45298","46","27","26",1.9000000000,"18","11","3","0","0","1","7","4553","4494","59",2021GM0917,"2021",43558.3170490000,45529897.1349999979
GM0928,Kerkrade,NEE,"1754","2","2074","45442","22771","22671","12","9","22","31","26","41","41","11","8","22931","42","31","27",1.9000000000,"25","7","1","0","0","1","5","2215","2191","24",2021GM0928,"2021",27285.6278600000,22152895.6330000013
GM0935,Maastricht,NEE,"2520","1","2147","120227","57649","62578","10","19","24","25","22","53","32","9","6","68032","54","26","20",1.7000000000,"22","11","1","0","0","1","8","6012","5599","413",2021GM0935,"2021",42826.5414930000,60117959.1880000010
GM0938,Meerssen,NEE,"616","4","692","18661","9174","9487","13","10","19","31","27","39","46","8","7","8479","31","37","32",2.2000000000,"10","3","0","0","0","0","3","2770","2696","74",2021GM0938,"2021",35005.4983830000,27695655.8409999982
GM0944,Mook en Middelaar,NEE,"433","5","455","7909","3930","3979","12","11","17","33","27","41","46","7","6","3585","31","38","31",2.2000000000,"10","4","0","0","0","0","4","1881","1738","143",2021GM0944,"2021",19767.3481980000,18810090.2039999999
GM0946,Nederweert,NEE,"646","4","172","17171","8698","8473","13","11","21","30","24","42","46","6","6","7413","28","37","34",2.3000000000,"7","3","0","0","0","0","2","10178","9998","180",2021GM0946,"2021",49918.6711860000,101782071.6200000048
GM0957,Roermond,NEE,"1509","2","966","58763","29100","29663","14","10","25","29","22","47","37","10","6","28316","41","29","30",2.0000000000,"15","15","3","0","1","4","7","7105","6081","1024",2021GM0957,"2021",47473.6872050000,71050925.1319999993
GM0965,Simpelveld,NEE,"681","4","654","10477","5193","5284","13","9","20","31","27","39","46","8","7","4909","33","37","30",2.1000000000,"16","2","0","0","0","0","2","1603","1603","0",2021GM0965,"2021",19831.4232450000,16029947.1659999993
GM0971,Stein,NEE,"905","4","1180","24875","12305","12570","12","10","20","31","28","38","47","8","7","11577","31","38","31",2.1000000000,"11","4","1","0","0","0","2","2280","2108","172",2021GM0971,"2021",30709.6669250000,22799787.7450000010
GM0981,Vaals,NEE,"1058","3","422","10084","5163","4921","11","12","19","31","28","41","42","10","7","5491","49","31","21",1.8000000000,"47","5","0","0","0","0","4","2390","2389","1",2021GM0981,"2021",27675.1575890000,23898053.5139999986
GM0983,Venlo,NEE,"1660","2","821","101988","50888","51100","14","11","24","29","22","45","40","9","6","48374","39","30","31",2.1000000000,"17","12","3","0","0","4","5","12899","12425","474",2021GM0983,"2021",79753.1734940000,128991278.9399999976
GM0984,Venray,NEE,"1024","3","268","43713","22254","21459","14","12","23","30","22","45","42","8","5","19185","33","33","34",2.2000000000,"12","9","2","0","1","3","4","16500","16327","173",2021GM0984,"2021",66263.7259640000,165001831.9300000072
GM0986,Voerendaal,NEE,"547","4","396","12466","6117","6349","14","9","19","30","27","39","47","8","7","5605","29","37","33",2.2000000000,"11","3","0","0","0","0","3","3152","3151","1",2021GM0986,"2021",27238.6269500000,31521108.4389999993
GM0988,Weert,NEE,"1346","3","479","50011","25005","25006","14","11","23","29","24","44","42","8","6","22866","36","32","32",2.2000000000,"12","11","4","0","0","1","5","10554","10432","122",2021GM0988,"2021",50234.9886170000,105535697.5000000000
GM0994,Valkenburg aan de Geul,NEE,"680","4","446","16365","8066","8299","11","9","19","31","30","39","43","9","8","7893","38","35","27",2.0000000000,"12","4","0","0","0","0","3","3692","3673","20",2021GM0994,"2021",34769.0756200000,36924172.9189999998
GM0995,Lelystad,NEE,"1382","3","347","79811","40110","39701","18","12","26","27","18","50","36","10","4","34910","35","27","38",2.3000000000,"11","22","3","0","6","3","10","76545","23032","53513",2021GM0995,"2021",180400.4951600000,255382243.2700000107
GM1507,Horst aan de Maas,NEE,"571","4","225","42487","21409","21078","14","12","22","30","22","45","44","6","6","18240","30","35","35",2.3000000000,"9","3","0","0","0","0","3","19192","18873","319",2021GM1507,"2021",72073.5237750000,191916831.9799999893
GM1509,Oude IJsselstreek,NEE,"649","4","289","39346","19856","19490","14","12","20","31","24","43","43","7","7","17105","32","34","34",2.3000000000,"7","6","0","0","0","4","2","13795","13615","180",2021GM1509,"2021",78692.8433100000,137952278.1399999857
GM1525,Teylingen,NEE,"1408","3","1331","37791","18844","18947","16","12","22","30","20","46","42","7","5","16134","31","31","37",2.3000000000,"10","7","1","0","1","0","5","3349","2838","510",2021GM1525,"2021",31038.8994620000,33486977.0929999985
GM1581,Utrechtse Heuvelrug,NEE,"785","4","378","49946","24534","25412","16","11","19","30","24","44","42","7","6","21622","35","32","33",2.2000000000,"8","8","2","0","1","1","5","13394","13201","193",2021GM1581,"2021",71087.6784110000,133940604.2000000030
GM1586,Oost Gelre,NEE,"737","4","269","29574","14973","14601","15","12","21","30","23","46","42","5","6","12472","30","35","35",2.3000000000,"5","3","0","0","0","0","2","11044","10993","50",2021GM1586,"2021",57379.3258060000,110435645.6500000060
GM1598,Koggenland,NEE,"435","5","286","22940","11555","11385","16","13","21","30","21","47","42","6","5","9409","28","33","39",2.4000000000,"5","4","0","0","0","0","3","8408","8032","377",2021GM1598,"2021",47881.2380520000,83293902.2719999999
GM1621,Lansingerland,NEE,"1337","3","1186","63363","31242","32121","21","12","24","28","16","48","42","6","4","24361","23","29","48",2.6000000000,"8","12","2","0","3","1","6","5639","5342","297",2021GM1621,"2021",40226.0912310000,56392413.6309999973
GM1640,Leudal,NEE,"391","5","222","36045","18265","17780","13","11","20","31","25","42","45","7","6","15807","30","37","33",2.2000000000,"10","4","0","0","0","0","3","16491","16273","217",2021GM1640,"2021",73859.8668430000,164905117.0000000000
GM1641,Maasgouw,NEE,"442","5","524","23947","12069","11878","12","10","20","32","27","41","44","8","7","10723","32","38","31",2.2000000000,"12","3","0","0","0","0","3","5812","4571","1241",2021GM1641,"2021",48792.7062170000,58117107.1279999986
GM1652,Gemert-Bakel,NEE,"774","4","252","30760","15586","15174","16","11","24","29","20","46","42","6","5","13101","30","33","37",2.3000000000,"8","4","0","0","0","0","3","12334","12214","120",2021GM1652,"2021",47103.0067420000,123338786.5999999940
GM1655,Halderberge,NEE,"758","4","409","30430","15141","15289","14","11","21","30","24","41","46","7","6","13142","29","37","35",2.3000000000,"8","8","3","0","1","1","4","7521","7447","75",2021GM1655,"2021",44016.5059500000,75214852.2660000026
GM1658,Heeze-Leende,NEE,"585","4","156","16243","8174","8069","14","11","20","30","25","43","45","6","6","6856","29","37","35",2.3000000000,"8","4","0","0","0","0","3","10504","10402","103",2021GM1658,"2021",51001.1897230000,105044830.4300000072
GM1659,Laarbeek,NEE,"649","4","412","22805","11553","11252","15","12","22","29","23","44","44","7","6","9670","29","35","36",2.3000000000,"7","3","0","0","0","0","2","5617","5535","81",2021GM1659,"2021",37845.8949220000,56166123.7250000015
GM1667,Reusel-De Mierden,NEE,"571","4","169","13127","6712","6415","17","10","24","28","21","44","45","5","5","5510","28","35","36",2.4000000000,"6","3","0","0","0","0","2","7866","7788","78",2021GM1667,"2021",41661.7939520000,78663279.6959999949
GM1669,Roerdalen,NEE,"387","5","233","20580","10329","10251","12","9","20","31","28","40","45","8","7","9428","31","38","31",2.1000000000,"14","4","0","0","0","0","3","8879","8821","57",2021GM1669,"2021",69750.9078160000,88785634.8830000013
GM1674,Roosendaal,NEE,"1745","2","725","77200","38436","38764","15","11","23","29","22","44","41","9","6","35522","37","31","32",2.1000000000,"12","14","5","0","1","3","5","10716","10650","66",2021GM1674,"2021",53382.7026720000,107164545.9800000042
GM1676,Schouwen-Duiveland,NEE,"490","5","148","34065","16839","17226","14","10","19","29","28","37","48","8","7","15729","34","37","29",2.1000000000,"7","3","0","0","0","0","3","48821","22965","25856",2021GM1676,"2021",243864.8793300000,236578200.8000000119
GM1680,Aa en Hunze,NEE,"281","5","92","25399","12709","12690","13","10","18","32","27","40","46","7","6","11170","29","40","32",2.2000000000,"4","2","0","0","0","0","2","27887","27609","279",2021GM1680,"2021",92666.9198710000,278874903.4300000072
GM1681,Borger-Odoorn,NEE,"264","5","93","25598","12812","12786","14","10","19","32","25","40","47","7","6","11260","28","40","32",2.3000000000,"4","2","0","0","0","0","2","27789","27453","336",2021GM1681,"2021",67658.3082080000,277891503.6800000072
GM1684,Cuijk,NEE,"876","4","497","25404","12689","12715","14","12","22","30","22","46","41","8","6","11244","33","33","34",2.2000000000,"10","10","2","0","0","4","4","5707","5116","591",2021GM1684,"2021",35402.0716770000,57068549.1319999993
GM1685,Landerd,NEE,"490","5","225","15817","8073","7744","15","12","21","29","23","46","42","6","6","6474","28","34","38",2.4000000000,"5","3","0","0","0","0","2","7071","7035","35",2021GM1685,"2021",49523.6096090000,70706532.4430000037
GM1690,De Wolden,NEE,"311","5","109","24374","12197","12177","15","12","18","31","25","41","46","6","6","10256","28","37","34",2.3000000000,"3","2","0","0","0","0","2","22635","22455","179",2021GM1690,"2021",110797.3155600000,226345329.4900000095
GM1695,Noord-Beveland,NEE,"236","5","88","7581","3804","3777","11","9","19","32","29","37","46","10","7","3705","38","37","25",2.0000000000,"10","3","0","0","0","0","3","12158","8596","3562",2021GM1695,"2021",80096.7642290000,86642177.8969999999
GM1696,Wijdemeren,NEE,"595","4","514","24463","12025","12438","15","11","19","31","24","44","42","8","6","10755","32","32","36",2.3000000000,"9","6","1","0","1","0","4","7636","4760","2876",2021GM1696,"2021",49736.4689820000,76360342.4749999940
GM1699,Noordenveld,NEE,"682","4","157","31214","15473","15741","14","10","18","30","28","41","44","8","6","13951","31","37","32",2.2000000000,"5","3","0","0","0","0","3","20529","19941","588",2021GM1699,"2021",74598.5931950000,205290538.9600000083
GM1700,Twenterand,NEE,"596","4","317","33699","17112","16587","18","13","22","28","20","44","45","5","6","13253","26","32","42",2.5000000000,"3","2","0","0","0","0","2","10814","10617","196",2021GM1700,"2021",72651.4113400000,108135019.4200000018
GM1701,Westerveld,NEE,"213","5","71","19661","9756","9905","12","10","17","32","29","39","46","8","7","8790","32","39","29",2.2000000000,"4","2","0","0","0","0","2","28274","27835","439",2021GM1701,"2021",98164.9627840000,282739159.5500000119
GM1702,Sint Anthonis,NEE,"274","5","118","11691","6034","5657","14","12","20","31","22","45","44","5","5","4702","27","36","37",2.4000000000,"4","3","0","0","0","0","2","9976","9927","49",2021GM1702,"2021",46307.8405330000,99756916.2000000030
GM1705,Lingewaard,NEE,"965","4","755","46822","23207","23615","16","12","20","30","22","44","44","7","5","19803","28","34","38",2.3000000000,"7","4","0","0","0","0","3","6914","6200","714",2021GM1705,"2021",45530.3293260000,69142789.5520000011
GM1706,Cranendonck,NEE,"592","4","275","21001","10655","10346","14","11","22","29","24","43","44","7","6","8865","29","37","34",2.3000000000,"11","7","0","0","0","0","6","7805","7640","165",2021GM1706,"2021",44972.1581420000,78050093.7709999979
GM1708,Steenwijkerland,NEE,"592","4","154","44341","22324","22017","15","12","21","29","23","43","44","7","6","19598","33","33","33",2.2000000000,"5","4","0","0","0","1","3","32159","28827","3332",2021GM1708,"2021",101203.7971900000,321573530.0400000215
GM1709,Moerdijk,NEE,"748","4","234","37185","18666","18519","15","11","21","31","22","42","44","8","6","16434","31","35","34",2.2000000000,"7","5","1","0","1","1","3","18403","15915","2488",2021GM1709,"2021",112470.2530400000,163505283.2500000000
GM1711,Echt-Susteren,NEE,"716","4","308","31751","15898","15853","12","10","20","31","26","41","44","8","7","14261","32","36","32",2.2000000000,"13","5","0","0","0","0","4","10462","10307","155",2021GM1711,"2021",65588.5325930000,104619184.3100000024
GM1714,Sluis,NEE,"434","5","83","23166","11482","11684","12","9","20","30","29","40","44","9","7","11276","37","36","27",2.0000000000,"25","3","0","0","0","0","3","30716","27936","2781",2021GM1714,"2021",125209.2762600000,283243102.7200000286
GM1719,Drimmelen,NEE,"788","4","287","27325","13639","13686","14","11","21","31","23","43","45","7","6","11707","29","36","35",2.3000000000,"7","3","0","0","0","0","3","11943","9518","2425",2021GM1719,"2021",59573.1498430000,119427597.3499999940
GM1721,Bernheze,NEE,"686","4","351","31455","15859","15596","15","13","21","29","22","45","44","6","5","12791","27","34","39",2.4000000000,"6","3","0","0","0","0","2","9041","8973","68",2021GM1721,"2021",47287.3460430000,90405787.8889999986
GM1723,Alphen-Chaam,NEE,"317","5","111","10373","5268","5105","15","11","20","31","24","42","46","6","5","4296","25","38","37",2.4000000000,"12","3","0","0","0","0","3","9352","9304","48",2021GM1723,"2021",67610.9617430000,93521119.6210000068
GM1724,Bergeijk,NEE,"509","4","186","18754","9605","9149","14","12","21","30","23","43","45","7","5","7973","28","36","36",2.3000000000,"8","3","0","0","0","0","2","10175","10100","75",2021GM1724,"2021",58344.0941390000,101753718.1700000018
GM1728,Bladel,NEE,"690","4","273","20529","10429","10100","15","12","22","29","22","45","43","6","5","8710","30","35","35",2.3000000000,"7","3","0","0","0","0","3","7562","7533","29",2021GM1728,"2021",44045.5328590000,75623311.9319999963
GM1729,Gulpen-Wittem,NEE,"289","5","194","14206","7155","7051","11","9","18","32","29","37","48","8","7","6586","33","38","29",2.1000000000,"12","3","0","0","0","0","2","7336","7318","18",2021GM1729,"2021",50809.3864300000,73360503.2629999965
GM1730,Tynaarlo,NEE,"510","4","238","33978","16748","17230","17","9","19","30","25","44","42","8","6","14417","30","34","36",2.3000000000,"5","4","0","0","0","0","3","14770","14300","470",2021GM1730,"2021",92414.1847450000,147698650.4499999881
GM1731,Midden-Drenthe,NEE,"401","5","98","33381","16693","16688","14","11","19","31","24","42","45","7","6","14609","30","36","33",2.2000000000,"5","3","0","0","0","0","2","34587","34051","536",2021GM1731,"2021",111886.4242500000,345873830.7900000215
GM1734,Overbetuwe,NEE,"809","4","442","48214","23940","24274","17","12","22","30","20","45","43","7","5","19912","27","32","40",2.4000000000,"7","5","0","0","0","1","4","11508","10919","590",2021GM1734,"2021",60739.2015700000,115084134.8299999982
GM1735,Hof van Twente,NEE,"608","4","165","35040","17483","17557","14","12","19","30","26","42","44","6","7","15002","31","34","35",2.3000000000,"6","4","0","0","0","1","3","21541","21256","285",2021GM1735,"2021",75126.7651950000,215409428.5600000024
GM1740,Neder-Betuwe,NEE,"443","5","411","24648","12433","12215","21","14","23","25","17","45","45","5","5","9267","27","30","43",2.6000000000,"6","3","1","0","0","0","2","6746","5998","749",2021GM1740,"2021",66137.4490290000,67461073.8639999926
GM1742,Rijssen-Holten,NEE,"1095","3","406","38204","19063","19141","20","13","23","25","19","44","47","4","5","14439","26","31","43",2.6000000000,"3","5","0","0","0","2","3","9438","9413","25",2021GM1742,"2021",45182.1380200000,94377337.7090000063
GM1771,Geldrop-Mierlo,NEE,"1369","3","1292","40066","19934","20132","15","11","23","28","22","44","42","8","6","17949","33","32","35",2.2000000000,"10","9","1","0","1","2","6","3139","3101","37",2021GM1771,"2021",29132.5955400000,31387314.5460000001
GM1773,Olst-Wijhe,NEE,"473","5","161","18361","9336","9025","15","12","20","31","22","43","45","6","5","7654","28","36","36",2.3000000000,"5","4","0","0","0","1","2","11837","11384","453",2021GM1773,"2021",65701.6408510000,118369441.4699999988
GM1774,Dinkelland,NEE,"471","5","151","26606","13605","13001","15","13","20","29","22","45","45","4","6","10445","26","34","40",2.5000000000,"6","2","0","0","0","0","2","17683","17571","112",2021GM1774,"2021",88553.3356270000,176826820.6100000143
GM1783,Westland,NEE,"1443","3","1370","111382","55595","55787","17","12","25","27","20","47","42","6","5","46975","31","31","38",2.3000000000,"9","7","2","0","1","1","4","9074","8127","947",2021GM1783,"2021",57031.3945010000,83381621.1969999969
GM1842,Midden-Delfland,NEE,"1335","3","411","19414","9703","9711","17","12","21","30","19","44","46","6","4","7905","27","32","41",2.4000000000,"6","7","1","0","1","1","4","4938","4719","219",2021GM1842,"2021",49799.9809710000,49378740.8929999992
GM1859,Berkelland,NEE,"656","4","170","43846","21949","21897","14","12","19","30","25","42","45","6","7","18967","30","36","34",2.3000000000,"5","3","0","0","0","0","2","26021","25806","215",2021GM1859,"2021",99763.7782690000,260213223.2899999917
GM1876,Bronckhorst,NEE,"378","5","127","36087","18007","18080","13","12","16","32","27","42","46","6","7","15554","28","38","34",2.3000000000,"4","2","0","0","0","0","2","28642","28350","292",2021GM1876,"2021",107680.1829300000,286424042.4900000095
GM1883,Sittard-Geleen,NEE,"1504","2","1161","91743","45472","46271","12","10","23","30","24","43","40","10","7","45011","40","31","29",2.0000000000,"15","8","2","0","0","1","5","8058","7901","158",2021GM1883,"2021",50881.8668230000,80584402.0770000070
GM1884,Kaag en Braassem,NEE,"631","4","435","27541","13959","13582","15","11","22","30","21","45","43","7","5","11816","29","34","37",2.3000000000,"7","6","1","0","1","0","4","7224","6324","900",2021GM1884,"2021",43081.8771190000,72239335.9099999964
GM1891,Dantumadiel,NEE,"456","5","224","18943","9529","9414","16","12","21","28","23","43","45","5","6","7850","30","33","37",2.4000000000,"2","2","0","0","0","0","2","8753","8466","287",2021GM1891,"2021",46852.2262160000,87527004.0460000038
GM1892,Zuidplas,NEE,"1191","3","777","45064","22321","22743","18","12","24","28","19","45","44","7","4","18351","27","32","41",2.4000000000,"8","10","2","0","2","1","5","6405","5802","603",2021GM1892,"2021",56673.3989760000,64050037.3750000000
GM1894,Peel en Maas,NEE,"586","4","274","43660","22197","21463","14","11","22","30","23","44","44","6","6","18500","29","36","36",2.3000000000,"8","4","1","0","0","1","2","16135","15937","198",2021GM1894,"2021",58421.4947720000,161352545.9099999964
GM1895,Oldambt,NEE,"831","4","169","38277","19129","19148","13","11","20","31","25","42","42","10","7","18200","37","33","30",2.1000000000,"7","4","0","0","1","0","3","29596","22666","6930",2021GM1895,"2021",139347.7725000000,240532090.4000000060
GM1896,Zwartewaterland,NEE,"725","4","277","22823","11598","11225","20","14","24","25","17","44","48","4","4","8622","26","32","43",2.6000000000,"4","3","0","0","0","0","2","8786","8249","537",2021GM1896,"2021",55544.4425830000,87051932.3439999968
GM1900,Sdwest-Frysln,NEE,"846","4","172","89999","45294","44705","16","12","21","29","23","46","40","8","6","40192","35","32","33",2.2000000000,"5","4","0","0","0","0","3","90787","52301","38486",2021GM1900,"2021",268733.6109900000,574582242.0000000000
GM1901,Bodegraven-Reeuwijk,NEE,"1142","3","468","35278","17651","17627","18","12","23","27","20","45","44","6","5","14557","29","33","38",2.4000000000,"7","7","3","0","1","0","4","8864","7538","1326",2021GM1901,"2021",50841.3471220000,88639500.1239999980
GM1903,Eijsden-Margraten,NEE,"466","5","334","25900","12979","12921","14","10","21","29","26","40","48","7","6","11226","27","38","35",2.3000000000,"11","3","0","0","0","0","2","7877","7755","122",2021GM1903,"2021",57948.4871550000,78768131.4070000052
GM1904,Stichtse Vecht,NEE,"1194","3","678","65108","31845","33263","17","11","23","29","21","46","41","8","5","28438","33","31","37",2.3000000000,"9","10","2","0","2","1","5","10682","9610","1072",2021GM1904,"2021",83879.7988000000,106819241.9200000018
GM1911,Hollands Kroon,NEE,"433","5","136","48583","24724","23859","15","12","22","30","21","45","43","7","5","21245","32","33","35",2.3000000000,"9","4","0","0","0","0","3","66220","35734","30486",2021GM1911,"2021",134381.3370800000,373770612.1899999976
GM1916,Leidschendam-Voorburg,NEE,"2916","1","2348","76433","36874","39559","16","10","24","27","23","48","37","9","6","36702","41","27","32",2.1000000000,"15","18","2","0","3","1","12","3562","3255","306",2021GM1916,"2021",36824.5307790000,35618150.6309999973
GM1924,Goeree-Overflakkee,NEE,"631","4","194","50589","24999","25590","16","11","22","29","22","40","48","7","6","21440","30","35","35",2.3000000000,"4","3","0","0","0","0","2","42235","26048","16187",2021GM1924,"2021",274946.7763600000,264301985.3899999857
GM1926,Pijnacker-Nootdorp,NEE,"1527","2","1501","55674","27704","27970","19","13","23","30","15","48","42","6","4","21680","25","28","47",2.5000000000,"9","13","1","0","4","1","7","3862","3708","153",2021GM1926,"2021",31846.5999800000,38616282.0230000019
GM1930,Nissewaard,NEE,"2039","2","1161","85440","41883","43557","16","11","25","28","20","45","41","9","5","38735","34","30","36",2.2000000000,"10","16","1","1","4","2","9","8379","7358","1021",2021GM1930,"2021",52578.4255130000,80392355.6840000004
GM1931,Krimpenerwaard,NEE,"784","4","382","56622","28107","28515","17","12","22","28","21","43","45","6","5","23863","31","33","36",2.3000000000,"5","6","2","0","0","0","3","16131","14840","1291",2021GM1931,"2021",71076.8758680000,161308725.4600000083
GM1940,De Fryske Marren,NEE,"556","4","147","51778","26056","25722","16","11","20","29","24","44","43","7","6","22330","31","34","34",2.3000000000,"5","4","0","0","0","0","3","54910","35129","19781",2021GM1940,"2021",139651.5563700000,417755226.2200000286
GM1942,Gooise Meren,NEE,"1911","2","1407","58524","28344","30180","19","11","21","29","21","49","37","9","5","26218","39","26","36",2.2000000000,"13","9","2","0","1","1","6","7522","4159","3362",2021GM1942,"2021",69729.6100210000,45350938.1300000027
GM1945,Berg en Dal,NEE,"653","4","406","35010","17441","17569","13","11","20","31","25","44","42","7","7","15862","34","33","32",2.2000000000,"10","4","0","0","0","0","3","9328","8631","697",2021GM1945,"2021",64851.7191560000,93280998.2460000068
GM1948,Meierijstad,NEE,"997","4","444","81647","41128","40519","15","12","23","29","21","45","42","7","5","34950","30","33","36",2.3000000000,"8","7","1","0","1","2","3","18552","18409","143",2021GM1948,"2021",78928.8251260000,185518836.0200000107
GM1949,Waadhoeke,NEE,"474","5","162","46149","23436","22713","15","12","21","30","23","45","42","7","5","20432","34","33","33",2.2000000000,"6","4","0","0","0","0","3","31582","28542","3040",2021GM1949,"2021",115674.9655800000,289319697.0600000024
GM1950,Westerwolde,NEE,"286","5","95","26215","13141","13074","14","10","19","30","27","40","45","8","7","11275","32","38","30",2.1000000000,"6","8","0","0","0","0","7","28065","27567","498",2021GM1950,"2021",103041.8117900000,280645562.3899999857
GM1952,Midden-Groningen,NEE,"856","4","217","60726","30477","30249","14","11","21","31","23","45","41","9","6","27850","35","33","32",2.1000000000,"6","9","0","0","2","2","4","29577","28000","1577",2021GM1952,"2021",100587.2444600000,295765116.6299999952
GM1954,Beekdaelen,NEE,"501","4","461","36065","17941","18124","13","10","20","31","26","39","46","8","7","16241","30","37","33",2.2000000000,"12","4","0","0","0","0","3","7849","7830","19",2021GM1954,"2021",62265.0931910000,78489602.3900000006
GM1955,Montferland,NEE,"770","4","341","36031","18036","17995","13","12","20","31","24","41","45","7","7","15739","30","36","35",2.3000000000,"8","4","0","0","0","1","3","10664","10570","94",2021GM1955,"2021",60393.1330590000,106637313.0999999940
GM1959,Altena,NEE,"506","4","281","56352","28363","27989","17","12","23","28","20","43","46","6","5","22655","27","33","39",2.5000000000,"5","3","0","0","0","0","2","22664","20063","2602",2021GM1959,"2021",87568.1271520000,226642947.7100000083
GM1960,West Betuwe,NEE,"458","5","238","51496","25825","25671","17","12","21","30","20","44","45","6","5","20753","26","34","40",2.5000000000,"6","4","1","0","0","0","3","22912","21612","1300",2021GM1960,"2021",89050.3484120000,229121400.6999999881
GM1961,Vijfheerenlanden,NEE,"900","4","395","57829","28652","29177","17","12","24","27","20","45","43","6","5","23796","29","32","39",2.4000000000,"6","11","2","0","1","4","4","15331","14641","690",2021GM1961,"2021",62865.9824330000,153312817.1500000060
GM1963,Hoeksche Waard,NEE,"834","4","327","88047","43470","44577","16","11","21","29","23","41","46","7","6","37566","29","35","36",2.3000000000,"5","4","0","0","1","0","3","32369","26893","5475",2021GM1963,"2021",147020.3661000000,281862323.5600000024
GM1966,Het Hogeland,NEE,"414","5","99","47834","24052","23782","15","11","20","30","24","44","43","8","6","21635","35","33","32",2.2000000000,"5","3","0","0","0","0","3","90308","48249","42059",2021GM1966,"2021",321301.1665800000,487599845.1700000167
GM1969,Westerkwartier,NEE,"476","5","176","63678","32034","31644","17","11","21","29","21","45","43","7","5","26617","29","33","38",2.4000000000,"4","3","0","0","0","0","3","36887","36269","618",2021GM1969,"2021",99030.7622810000,368845700.6299999952
GM1970,Noardeast-Frysln,NEE,"463","5","120","45481","22879","22602","17","12","21","28","22","46","42","7","6","19677","33","32","35",2.3000000000,"3","3","0","0","0","0","2","51645","37783","13862",2021GM1970,"2021",238426.9599300000,383793029.7300000191
GM1978,Molenlanden,NEE,"393","5","243","44130","22317","21813","18","14","22","27","19","43","47","5","5","16951","26","32","42",2.6000000000,"4","3","0","0","0","0","2","19158","18173","986",2021GM1978,"2021",88570.3766910000,191584091.8300000131
GM1979,Eemsdelta,NEE,"692","4","170","45587","22841","22746","14","11","20","30","25","43","42","8","7","21443","38","32","30",2.1000000000,"7","9","0","0","1","2","5","36407","26789","9618",2021GM1979,"2021",173966.4934500000,272777133.8999999762
